-- phpMyAdmin SQL Dump
-- version 4.1.14
-- http://www.phpmyadmin.net
--
-- Host: 127.0.0.1
-- Generation Time: Nov 19, 2016 at 02:01 AM
-- Server version: 5.6.17
-- PHP Version: 5.5.12

SET SQL_MODE = "NO_AUTO_VALUE_ON_ZERO";
SET time_zone = "+00:00";


/*!40101 SET @OLD_CHARACTER_SET_CLIENT=@@CHARACTER_SET_CLIENT */;
/*!40101 SET @OLD_CHARACTER_SET_RESULTS=@@CHARACTER_SET_RESULTS */;
/*!40101 SET @OLD_COLLATION_CONNECTION=@@COLLATION_CONNECTION */;
/*!40101 SET NAMES utf8 */;

--
-- Database: `shareshare`
--

-- --------------------------------------------------------

--
-- Table structure for table `comments`
--

CREATE TABLE IF NOT EXISTS `comments` (
  `comment_id` int(10) unsigned NOT NULL AUTO_INCREMENT,
  `post_id` int(11) NOT NULL,
  `comment_parent` int(11) NOT NULL,
  `comment_level` int(11) NOT NULL,
  `comment` text NOT NULL,
  `comment_from` varchar(255) NOT NULL,
  `comment_to` varchar(255) NOT NULL,
  `likes` int(11) NOT NULL,
  `comment_status` int(11) NOT NULL,
  `updated` timestamp NOT NULL DEFAULT CURRENT_TIMESTAMP ON UPDATE CURRENT_TIMESTAMP,
  `created` timestamp NOT NULL DEFAULT '0000-00-00 00:00:00',
  PRIMARY KEY (`comment_id`)
) ENGINE=InnoDB  DEFAULT CHARSET=latin1 AUTO_INCREMENT=49 ;

--
-- Dumping data for table `comments`
--

INSERT INTO `comments` (`comment_id`, `post_id`, `comment_parent`, `comment_level`, `comment`, `comment_from`, `comment_to`, `likes`, `comment_status`, `updated`, `created`) VALUES
(1, 49, 0, 0, 'hello, there! ', 'vasquezd', '', 0, 1, '2016-05-18 22:27:14', '2016-05-08 23:23:05'),
(2, 49, 1, 1, 'how are you', 'matt', '', 0, 1, '2016-05-18 22:30:49', '2016-05-08 23:23:13'),
(3, 49, 2, 2, 'hi there', 'vasquezd', '', 0, 1, '2016-05-18 22:30:57', '2016-05-09 20:35:50'),
(4, 62, 2, 2, 'Ya that is a good point', 'matt', '', 0, 1, '2016-05-21 23:44:44', '2016-05-17 21:38:36'),
(12, 50, 0, 0, 'hello there', 'vasquezd', '', 0, 1, '2016-05-18 22:16:23', '2016-05-18 21:56:24'),
(13, 53, 0, 0, 'hello!', 'vasquezd', '', 0, 0, '2016-05-27 22:03:51', '2016-05-18 21:56:52'),
(14, 62, 0, 0, 'Ya I agree with that a lot\n', 'vasquezd', '', 0, 1, '2016-05-21 23:44:39', '2016-05-19 20:20:31'),
(15, 53, 0, 0, 'this is nw ', 'vasquezd', '', 0, 0, '2016-05-27 22:03:48', '2016-05-24 22:25:02'),
(16, 49, 0, 0, 'hey hows it going!', 'vasquezd', '', 0, 1, '2016-05-27 00:05:01', '2016-05-27 00:05:01'),
(17, 53, 0, 0, 'today', 'vasquezd', '', 0, 1, '2016-05-27 20:12:10', '2016-05-27 20:12:10'),
(18, 53, 0, 0, 'new today', 'vasquezd', '', 0, 0, '2016-05-27 22:03:45', '2016-05-27 20:18:14'),
(19, 53, 0, 0, 'hi', 'vasquezd', '', 0, 0, '2016-05-27 22:03:42', '2016-05-27 20:18:34'),
(20, 53, 0, 0, 'hello there', 'vasquezd', '', 0, 1, '2016-05-27 20:18:58', '2016-05-27 20:18:58'),
(21, 53, 0, 0, 'hi', 'vasquezd', '', 0, 0, '2016-05-27 22:03:39', '2016-05-27 20:20:14'),
(22, 53, 0, 0, 'hello thiis is the change', 'vasquezd', '', 0, 1, '2016-05-27 22:03:32', '2016-05-27 20:20:32'),
(23, 53, 0, 0, 'hi', 'vasquezd', '', 0, 0, '2016-05-27 22:03:19', '2016-05-27 20:20:37'),
(24, 74, 0, 0, 'this is cool!', 'matt', '', 0, 1, '2016-06-02 20:34:24', '2016-05-30 21:16:47'),
(25, 74, 0, 0, 'hi', 'vasquezd', '', 0, 1, '2016-05-30 21:52:42', '2016-05-30 21:52:42'),
(26, 73, 0, 0, 'I like this song!', 'vasquezd', '', 0, 1, '2016-06-02 20:41:28', '2016-06-02 20:41:28'),
(27, 74, 0, 0, 'hi there!', 'vasquezd', '', 0, 1, '2016-06-02 21:07:53', '2016-06-02 21:07:53'),
(28, 103, 0, 0, 'no ther is a reply!', 'vasquezd', '', 0, 1, '2016-06-10 21:45:18', '2016-06-10 21:45:18'),
(29, 64, 0, 0, 'this is a new one!~ today', 'vasquezd', '', 0, 1, '2016-06-10 21:58:57', '2016-06-10 21:58:57'),
(30, 103, 0, 0, 'hello', 'vasquezd', '', 0, 1, '2016-06-10 22:20:12', '2016-06-10 22:20:12'),
(31, 105, 0, 0, 'almost saturday!', 'vasquezd', '', 0, 1, '2016-06-10 22:22:59', '2016-06-10 22:22:59'),
(32, 105, 0, 0, 'yoyoyo', 'vasquezd', '', 0, 1, '2016-06-10 22:23:30', '2016-06-10 22:23:30'),
(33, 105, 0, 0, 'frida', 'vasquezd', '', 0, 1, '2016-06-10 22:24:11', '2016-06-10 22:24:11'),
(34, 105, 0, 0, 'hi', 'vasquezd', '', 0, 1, '2016-06-10 22:25:26', '2016-06-10 22:25:26'),
(35, 105, 0, 0, 'Ya I like this idea!', 'vasquezd', '', 0, 1, '2016-06-10 22:26:44', '2016-06-10 22:26:44'),
(36, 105, 0, 0, 'me too!', 'vasquezd', '', 0, 1, '2016-06-10 22:27:10', '2016-06-10 22:27:10'),
(37, 105, 0, 0, 'hi', 'vasquezd', '', 0, 1, '2016-06-10 22:28:22', '2016-06-10 22:28:22'),
(38, 157, 0, 0, 'Yea I like it ', 'vasquezd', '', 0, 1, '2016-07-03 22:33:54', '2016-07-03 22:33:54'),
(39, 178, 0, 0, 'Ya I agree! now there is one comment', 'vasquezd', '', 0, 1, '2016-07-08 21:53:43', '2016-07-03 22:59:27'),
(40, 183, 0, 0, 'this disappears', 'vasquezd', '', 0, 0, '2016-07-03 23:23:50', '2016-07-03 23:22:21'),
(41, 183, 0, 0, 'ok', 'vasquezd', '', 0, 0, '2016-07-03 23:23:46', '2016-07-03 23:22:29'),
(42, 183, 0, 0, 'this is a comment ', 'vasquezd', '', 0, 1, '2016-07-03 23:32:16', '2016-07-03 23:32:16'),
(43, 178, 0, 0, 'this is a new reply!', 'vasquezd', '', 0, 0, '2016-07-08 21:53:30', '2016-07-08 20:46:56'),
(44, 177, 0, 0, 'hi first reply', 'vasquezd', '', 0, 1, '2016-07-08 20:47:12', '2016-07-08 20:47:12'),
(45, 177, 0, 0, 'hi, second reply ', 'vasquezd', '', 0, 1, '2016-07-08 20:47:21', '2016-07-08 20:47:21'),
(46, 186, 0, 0, 'this is a reply ', 'vasquezd', '', 0, 1, '2016-07-08 22:37:27', '2016-07-08 22:37:27'),
(47, 186, 0, 0, 'this too ', 'vasquezd', '', 0, 1, '2016-07-08 22:37:32', '2016-07-08 22:37:32'),
(48, 186, 0, 0, 'this three ', 'vasquezd', '', 0, 1, '2016-07-08 22:37:38', '2016-07-08 22:37:38');

-- --------------------------------------------------------

--
-- Table structure for table `comment_likes`
--

CREATE TABLE IF NOT EXISTS `comment_likes` (
  `comment_like_id` int(11) NOT NULL AUTO_INCREMENT,
  `comment_id` int(11) NOT NULL,
  `liked_by` int(11) NOT NULL,
  `liked_by_name` varchar(255) NOT NULL,
  `updated` timestamp NOT NULL DEFAULT CURRENT_TIMESTAMP,
  PRIMARY KEY (`comment_like_id`)
) ENGINE=InnoDB  DEFAULT CHARSET=latin1 AUTO_INCREMENT=23 ;

--
-- Dumping data for table `comment_likes`
--

INSERT INTO `comment_likes` (`comment_like_id`, `comment_id`, `liked_by`, `liked_by_name`, `updated`) VALUES
(2, 15, 2, 'matt', '2016-05-26 23:01:32'),
(4, 3, 1, 'vasquezd', '2016-05-26 23:58:44'),
(5, 13, 1, 'vasquezd', '2016-05-27 00:00:45'),
(6, 2, 1, 'vasquezd', '2016-05-27 00:00:47'),
(8, 15, 1, 'vasquezd', '2016-05-27 20:11:59'),
(9, 23, 1, 'vasquezd', '2016-05-27 20:21:04'),
(10, 22, 1, 'vasquezd', '2016-05-27 20:21:05'),
(11, 19, 1, 'vasquezd', '2016-05-27 20:21:07'),
(12, 20, 1, 'vasquezd', '2016-05-27 22:03:54'),
(14, 24, 1, 'vasquezd', '2016-05-31 00:02:53'),
(15, 25, 1, 'Vasquezd', '2016-05-31 22:29:27'),
(16, 25, 1, 'vasquezd', '2016-06-02 20:29:54'),
(17, 26, 1, 'vasquezd', '2016-06-02 20:48:21'),
(18, 40, 1, 'vasquezd', '2016-07-03 23:22:47'),
(19, 41, 1, 'vasquezd', '2016-07-03 23:22:47'),
(20, 42, 1, 'vasquezd', '2016-07-03 23:33:20'),
(21, 39, 1, 'vasquezd', '2016-07-08 22:02:26'),
(22, 45, 1, 'vasquezd', '2016-07-08 22:02:29');

-- --------------------------------------------------------

--
-- Table structure for table `comment_votes`
--

CREATE TABLE IF NOT EXISTS `comment_votes` (
  `comment_vote_id` int(11) NOT NULL AUTO_INCREMENT,
  `comment_id` int(11) NOT NULL,
  `up_vote` int(11) NOT NULL,
  `up_vote_user` varchar(255) NOT NULL,
  `down_vote` int(11) NOT NULL,
  `down_vote_user` varchar(255) NOT NULL,
  `created` timestamp NOT NULL DEFAULT CURRENT_TIMESTAMP ON UPDATE CURRENT_TIMESTAMP,
  PRIMARY KEY (`comment_vote_id`)
) ENGINE=InnoDB DEFAULT CHARSET=latin1 AUTO_INCREMENT=1 ;

-- --------------------------------------------------------

--
-- Table structure for table `divvy_hashtag`
--

CREATE TABLE IF NOT EXISTS `divvy_hashtag` (
  `divvy_hashtag_id` int(10) unsigned NOT NULL AUTO_INCREMENT,
  `divvy_id` int(11) NOT NULL,
  `list_id` int(11) NOT NULL,
  `hashtag` varchar(255) NOT NULL,
  `hashtag_from` varchar(255) NOT NULL,
  `hashtag_to` varchar(255) NOT NULL,
  `hashtag_created_by` varchar(255) NOT NULL,
  `active` int(11) NOT NULL,
  `status_seen` int(11) NOT NULL,
  `updated` timestamp NOT NULL ON UPDATE CURRENT_TIMESTAMP,
  `created` timestamp NOT NULL DEFAULT CURRENT_TIMESTAMP,
  PRIMARY KEY (`divvy_hashtag_id`)
) ENGINE=InnoDB DEFAULT CHARSET=latin1 AUTO_INCREMENT=1 ;

-- --------------------------------------------------------

--
-- Table structure for table `divvy_pieces`
--

CREATE TABLE IF NOT EXISTS `divvy_pieces` (
  `divvy_piece_id` int(10) unsigned NOT NULL AUTO_INCREMENT,
  `divvy_id` int(11) NOT NULL,
  `divvy_position` int(11) NOT NULL,
  `is_divvy_tag` int(11) NOT NULL,
  `divvy_text` text CHARACTER SET utf8 COLLATE utf8_bin NOT NULL,
  `divvy_tag` varchar(255) NOT NULL,
  `divvy_tag_type` varchar(255) NOT NULL,
  `divvy_piece_unique_key` varchar(255) NOT NULL,
  `divvy_status` int(11) NOT NULL,
  PRIMARY KEY (`divvy_piece_id`)
) ENGINE=InnoDB  DEFAULT CHARSET=latin1 AUTO_INCREMENT=43 ;

--
-- Dumping data for table `divvy_pieces`
--

INSERT INTO `divvy_pieces` (`divvy_piece_id`, `divvy_id`, `divvy_position`, `is_divvy_tag`, `divvy_text`, `divvy_tag`, `divvy_tag_type`, `divvy_piece_unique_key`, `divvy_status`) VALUES
(1, 1, 1, 0, 'Divvy Piece 1', '', '', '6a6e26dfceccbd16c476fac8b5975684', 1),
(2, 1, 2, 0, ' Divvy Piece 2 and', '', '', '51be92c1666b60f308f9e88e1cafacf1', 1),
(3, 1, 6, 0, ' Divvy Piece 3', '', '', '51be92c1666b60f308f9e88e1cafacf1', 0),
(4, 2, 1, 0, ' Divvy Piece 4', '', '', '51be92c1666b60f308f9e88e1cafacf1', 1),
(5, 2, 8, 0, ' Divvy Piece 5', '', '', '51be92c1666b60f308f9e88e1cafacf1', 1),
(6, 3, 13, 0, ' Divvy Piece 6', '', '', '51be92c1666b60f308f9e88e1cafacf1', 1),
(7, 3, 14, 0, ' Divvy Piece 7', '', '', '51be92c1666b60f308f9e88e1cafacf1', 1),
(8, 3, 15, 1, '@people', '1', 'people', '51be92c1666b60f308f9e88e1cafacf1', 1),
(9, 3, 16, 0, ' Divvy Piece 8', '', '', '51be92c1666b60f308f9e88e1cafacf1', 1),
(33, 3, 1, 0, ' Divvy Piece 3 ', '', '', 'cbc766c03c35982989a5a622b4022d92', 0),
(34, 3, 2, 0, ' Divvy Hello to ', '', '', '60181c8ce39c1748acbc983a54b5af79', 1),
(35, 3, 4, 0, ' Piece 3  ', '', '', 'f527e7bc906bca965485fb1263e2c13f', 1),
(36, 3, 3, 1, '@arrent ', '@arrent ', 'people', '690c8bd9afd53bb771c67f99ea1aed13', 0),
(37, 1, 7, 0, ' Divvy Piece 3 and this is ', '', '', 'cf5f41b32bf44c78ba0a92ff102aa35f', 0),
(38, 1, 12, 0, ' ', '', '', 'a1f03fe4110ab98c28753d75572ceca7', 1),
(39, 1, 11, 1, '@david ', '@david ', 'people', '4b9869af43517b4fddcf863a77797268', 1),
(40, 1, 8, 0, ' Divvy ', '', '', '5c6ba9f9b5b6efbf328733b52bdd18ed', 1),
(41, 1, 10, 0, 'Piece 3 and this is  ', '', '', 'a0c0cd867c802eee1ac1687148d5e6d4', 1),
(42, 1, 9, 1, '@david ', '@david ', 'people', 'f9acdbd6b6602cbc9bf59c314e3ef66e', 1);

-- --------------------------------------------------------

--
-- Table structure for table `divvy_post`
--

CREATE TABLE IF NOT EXISTS `divvy_post` (
  `divvy_id` int(10) unsigned NOT NULL AUTO_INCREMENT,
  `group_id` int(11) NOT NULL,
  `project_id` int(11) NOT NULL,
  `list_id` int(11) NOT NULL,
  `divvy_position` int(11) NOT NULL,
  `divvy_from` varchar(255) NOT NULL,
  `divvy_to` varchar(255) NOT NULL,
  `divvy_headline` varchar(255) NOT NULL,
  `divvy_caption` text CHARACTER SET utf8 NOT NULL,
  `divvy_deadline` timestamp NOT NULL,
  `divvy_progress` int(11) NOT NULL,
  `divvy_priority` int(11) NOT NULL,
  `image_url` varchar(255) NOT NULL,
  `file_name` varchar(255) NOT NULL,
  `unique_id` varchar(255) NOT NULL,
  `divvy_status` int(11) NOT NULL,
  `divvy_completed` timestamp NOT NULL,
  `updated` timestamp NOT NULL ON UPDATE CURRENT_TIMESTAMP,
  `created` timestamp NOT NULL DEFAULT CURRENT_TIMESTAMP,
  PRIMARY KEY (`divvy_id`)
) ENGINE=InnoDB  DEFAULT CHARSET=latin1 AUTO_INCREMENT=39 ;

--
-- Dumping data for table `divvy_post`
--

INSERT INTO `divvy_post` (`divvy_id`, `group_id`, `project_id`, `list_id`, `divvy_position`, `divvy_from`, `divvy_to`, `divvy_headline`, `divvy_caption`, `divvy_deadline`, `divvy_progress`, `divvy_priority`, `image_url`, `file_name`, `unique_id`, `divvy_status`, `divvy_completed`, `updated`, `created`) VALUES
(29, 124, 0, 0, 0, 'vasquezd', 'vasquezd', '  Divvy 1 ', '&nbsp', '0000-00-00 00:00:00', 0, 1, '', '', 'cc8154600cae77995062b7b6fcfa504e', 2, '2016-11-03 23:55:59', '2016-11-03 23:55:59', '2016-11-02 23:07:26'),
(30, 124, 0, 0, 0, 'vasquezd', 'vasquezd', '     Divvy 2', '&nbsp', '0000-00-00 00:00:00', 0, 1, '', '', '09cedadb1352586d24e9c981791caab1', 2, '2016-11-17 01:24:05', '2016-11-17 01:24:06', '2016-11-02 23:07:33'),
(31, 124, 0, 0, 0, 'vasquezd', 'vasquezd', '    Divvy 3 ', '&nbsp', '0000-00-00 00:00:00', 0, 1, '', '', '7aa045f99e7e3ce9235b182b6be10290', 2, '2016-11-17 01:24:03', '2016-11-17 01:24:04', '2016-11-02 23:07:37'),
(32, 124, 132, 158, 0, 'vasquezd', 'vasquezd', '   New list please work divvyhow are you ', ' This is  the body divvy !', '1970-10-31 19:00:00', 100, 2, '', '', 'b013a1cdf02b1f7ca02f25c514b6f2ae', 2, '0000-00-00 00:00:00', '2016-11-17 01:24:03', '2016-11-03 23:51:37'),
(33, 127, 130, 157, 0, 'vasquezd', 'vasquezd', '  this is a new divvy ', '&nbsp', '0000-00-00 00:00:00', 73, 0, '', '', '7bacc83cb7540d9e9423af14cfd5bc33', 1, '0000-00-00 00:00:00', '2016-11-18 01:16:06', '2016-11-04 00:14:08'),
(34, 124, 0, 0, 0, 'vasquezd', 'vasquezd', '&nbsp', '&nbsp', '0000-00-00 00:00:00', 0, 0, '', '', '6ed9885623385d761ab2f2ab2f42baeb', 2, '2016-11-17 01:25:04', '2016-11-17 01:25:05', '2016-11-17 01:25:02'),
(35, 124, 0, 0, 0, 'vasquezd', 'vasquezd', '&nbsp', '&nbsp', '0000-00-00 00:00:00', 0, 0, '', '', 'd87db031bc668f8bbd6261c31b4a89d0', 2, '2016-11-17 21:16:46', '2016-11-17 21:16:50', '2016-11-17 01:26:07'),
(36, 159, 0, 0, 0, 'vasquezd', 'vasquezd', '&nbsp', '&nbsp', '0000-00-00 00:00:00', 0, 0, '', '', 'bed4e2783d46bf14be0319c98383f567', 0, '0000-00-00 00:00:00', '2016-11-17 01:27:02', '2016-11-17 01:27:02'),
(37, 159, 0, 0, 0, 'vasquezd', 'vasquezd', '&nbsp', '&nbsp', '0000-00-00 00:00:00', 0, 0, '', '', '9bc5d180c4e0cc9dc4d7f7bdeae8d766', 0, '0000-00-00 00:00:00', '2016-11-17 01:27:04', '2016-11-17 01:27:04'),
(38, 124, 0, 0, 0, 'vasquezd', 'vasquezd', '&nbsp', '', '1971-04-03 19:00:00', 0, 2, '', '', '58c2ca21337c8e528b3d69512dbea9f5', 0, '2016-11-17 22:35:24', '2016-11-17 22:35:27', '2016-11-17 21:16:53');

-- --------------------------------------------------------

--
-- Table structure for table `divvy_users`
--

CREATE TABLE IF NOT EXISTS `divvy_users` (
  `divvy_users_id` int(10) unsigned NOT NULL AUTO_INCREMENT,
  `divvy_id` int(11) NOT NULL,
  `list_id` int(11) NOT NULL,
  `divvy_from` varchar(255) NOT NULL,
  `divvy_to` varchar(2083) NOT NULL,
  `divvy_to_user_status` int(11) NOT NULL,
  `active` int(11) NOT NULL,
  `status_seen` int(11) NOT NULL,
  `updated` timestamp NOT NULL ON UPDATE CURRENT_TIMESTAMP,
  `created` timestamp NOT NULL DEFAULT CURRENT_TIMESTAMP,
  PRIMARY KEY (`divvy_users_id`)
) ENGINE=InnoDB  DEFAULT CHARSET=latin1 AUTO_INCREMENT=736 ;

--
-- Dumping data for table `divvy_users`
--

INSERT INTO `divvy_users` (`divvy_users_id`, `divvy_id`, `list_id`, `divvy_from`, `divvy_to`, `divvy_to_user_status`, `active`, `status_seen`, `updated`, `created`) VALUES
(713, 25, 0, 'vasquezd', 'kristen', 1, 1, 0, '0000-00-00 00:00:00', '2016-11-01 00:02:13'),
(714, 25, 0, 'vasquezd', 'Sarah', 1, 1, 0, '0000-00-00 00:00:00', '2016-11-01 00:02:13'),
(715, 25, 0, 'vasquezd', 'vasquezd', 1, 1, 0, '0000-00-00 00:00:00', '2016-11-01 00:02:13'),
(716, 25, 0, 'vasquezd', 'brian', 1, 1, 0, '0000-00-00 00:00:00', '2016-11-01 00:16:01'),
(717, 25, 0, 'vasquezd', 'emailtest', 1, 1, 0, '0000-00-00 00:00:00', '2016-11-01 00:22:25'),
(718, 26, 0, 'vasquezd', 'vasquezd', 1, 1, 0, '0000-00-00 00:00:00', '2016-11-01 21:42:14'),
(719, 27, 0, 'vasquezd', 'vasquezd', 1, 1, 0, '0000-00-00 00:00:00', '2016-11-02 21:18:43'),
(720, 28, 0, 'vasquezd', 'vasquezd', 1, 1, 0, '0000-00-00 00:00:00', '2016-11-02 23:07:12'),
(721, 29, 0, 'vasquezd', 'vasquezd', 1, 1, 0, '0000-00-00 00:00:00', '2016-11-02 23:07:26'),
(722, 30, 0, 'vasquezd', 'vasquezd', 1, 1, 0, '0000-00-00 00:00:00', '2016-11-02 23:07:33'),
(723, 31, 0, 'vasquezd', 'vasquezd', 1, 1, 0, '0000-00-00 00:00:00', '2016-11-02 23:07:37'),
(724, 32, 158, 'vasquezd', 'vasquezd', 1, 1, 0, '0000-00-00 00:00:00', '2016-11-03 23:51:37'),
(725, 32, 158, 'vasquezd', 'brian', 1, 1, 0, '0000-00-00 00:00:00', '2016-11-03 23:54:55'),
(726, 32, 158, 'vasquezd', 'chris', 1, 1, 0, '0000-00-00 00:00:00', '2016-11-03 23:54:55'),
(727, 32, 158, 'vasquezd', 'aimee', 1, 1, 0, '0000-00-00 00:00:00', '2016-11-03 23:54:55'),
(728, 33, 157, 'vasquezd', 'vasquezd', 1, 1, 0, '0000-00-00 00:00:00', '2016-11-04 00:14:08'),
(729, 34, 0, 'vasquezd', 'vasquezd', 1, 1, 0, '0000-00-00 00:00:00', '2016-11-17 01:25:02'),
(730, 35, 0, 'vasquezd', 'vasquezd', 1, 1, 0, '0000-00-00 00:00:00', '2016-11-17 01:26:07'),
(731, 36, 0, 'vasquezd', 'vasquezd', 1, 1, 0, '0000-00-00 00:00:00', '2016-11-17 01:27:03'),
(732, 37, 0, 'vasquezd', 'vasquezd', 1, 1, 0, '0000-00-00 00:00:00', '2016-11-17 01:27:04'),
(733, 38, 0, 'vasquezd', 'vasquezd', 1, 1, 0, '0000-00-00 00:00:00', '2016-11-17 21:16:53'),
(734, 38, 0, 'vasquezd', 'kristen', 1, 0, 0, '2016-11-17 22:35:19', '2016-11-17 22:05:11'),
(735, 38, 0, 'vasquezd', 'Sarah', 1, 0, 0, '2016-11-17 22:35:19', '2016-11-17 22:05:11');

-- --------------------------------------------------------

--
-- Table structure for table `files`
--

CREATE TABLE IF NOT EXISTS `files` (
  `file_id` int(11) NOT NULL AUTO_INCREMENT,
  `group_id` int(11) NOT NULL,
  `post_id` int(11) NOT NULL,
  `parent` int(11) NOT NULL,
  `is_folder` int(11) NOT NULL,
  `folder_name` varchar(255) NOT NULL,
  `file_name` varchar(255) NOT NULL,
  `file_type` varchar(255) NOT NULL,
  `file_name_server` varchar(255) NOT NULL,
  `file_path_server` varchar(255) NOT NULL,
  `file_image` varchar(255) NOT NULL,
  `file_path` varchar(255) NOT NULL,
  `user_id` int(11) NOT NULL,
  `user_name` varchar(255) NOT NULL,
  `file_caption` text NOT NULL,
  `file_status` int(11) NOT NULL,
  `file_seen` int(11) NOT NULL,
  `recycle_status` int(11) NOT NULL,
  `unique_id` varchar(255) NOT NULL,
  `file_created` timestamp NOT NULL DEFAULT CURRENT_TIMESTAMP,
  `file_last_modified` timestamp NOT NULL,
  PRIMARY KEY (`file_id`)
) ENGINE=InnoDB DEFAULT CHARSET=latin1 AUTO_INCREMENT=1 ;

-- --------------------------------------------------------

--
-- Table structure for table `friends`
--

CREATE TABLE IF NOT EXISTS `friends` (
  `friends_id` int(11) NOT NULL AUTO_INCREMENT,
  `user_name` varchar(255) NOT NULL,
  `user_id` int(11) NOT NULL,
  `friend_user_name` varchar(255) NOT NULL,
  `friend_id` int(11) NOT NULL,
  `friend_key` varchar(255) NOT NULL,
  `created` timestamp NOT NULL DEFAULT CURRENT_TIMESTAMP ON UPDATE CURRENT_TIMESTAMP,
  PRIMARY KEY (`friends_id`)
) ENGINE=InnoDB  DEFAULT CHARSET=latin1 AUTO_INCREMENT=203 ;

--
-- Dumping data for table `friends`
--

INSERT INTO `friends` (`friends_id`, `user_name`, `user_id`, `friend_user_name`, `friend_id`, `friend_key`, `created`) VALUES
(186, 'Becca', 6, 'kristen', 4, 'Beccakristen', '2016-07-26 20:56:21'),
(187, 'kristen', 4, 'Becca', 6, 'kristenBecca', '2016-07-26 20:56:21'),
(188, 'vasquezd', 1, 'kristen', 4, 'vasquezdkristen', '2016-07-26 20:56:33'),
(189, 'kristen', 4, 'vasquezd', 1, 'kristenvasquezd', '2016-07-26 20:56:33'),
(190, 'brian', 3, 'vasquezd', 1, 'brianvasquezd', '2016-07-30 23:33:42'),
(191, 'vasquezd', 1, 'brian', 3, 'vasquezdbrian', '2016-07-30 23:33:42'),
(192, 'Sarah', 7, 'vasquezd', 1, 'Sarahvasquezd', '2016-08-27 22:07:57'),
(193, 'Sarah', 7, 'vasquezd', 1, 'Sarahvasquezd', '2016-08-27 22:07:57'),
(194, 'vasquezd', 1, 'Sarah', 7, 'vasquezdSarah', '2016-08-27 22:07:57'),
(195, 'chris', 8, 'vasquezd', 1, 'chrisvasquezd', '2016-10-01 20:31:35'),
(196, 'vasquezd', 1, 'chris', 8, 'vasquezdchris', '2016-10-01 20:31:35'),
(199, 'emailtest', 78, 'vasquezd', 1, '781', '2016-10-25 20:07:41'),
(200, 'vasquezd', 1, 'emailtest', 78, '178', '2016-10-25 20:07:41'),
(201, 'vasquezd', 1, 'aimee', 5, 'vasquezdaimee', '2016-10-29 21:58:36'),
(202, 'aimee', 5, 'vasquezd', 1, 'aimeevasquezd', '2016-10-29 21:58:36');

-- --------------------------------------------------------

--
-- Table structure for table `groups`
--

CREATE TABLE IF NOT EXISTS `groups` (
  `group_id` int(11) NOT NULL AUTO_INCREMENT,
  `group_parent` int(1) NOT NULL,
  `project_parent` int(11) NOT NULL,
  `group_key` varchar(255) NOT NULL,
  `created_by` varchar(255) NOT NULL,
  `group_name` varchar(255) NOT NULL,
  `group_image` varchar(255) NOT NULL,
  `group_users` int(11) NOT NULL,
  `group_folders` int(11) NOT NULL,
  `group_messages` int(11) NOT NULL,
  `is_category` int(11) NOT NULL,
  `is_list` int(11) NOT NULL,
  `updated` timestamp NOT NULL,
  `created` timestamp NOT NULL DEFAULT CURRENT_TIMESTAMP,
  PRIMARY KEY (`group_id`)
) ENGINE=InnoDB  DEFAULT CHARSET=latin1 AUTO_INCREMENT=177 ;

--
-- Dumping data for table `groups`
--

INSERT INTO `groups` (`group_id`, `group_parent`, `project_parent`, `group_key`, `created_by`, `group_name`, `group_image`, `group_users`, `group_folders`, `group_messages`, `is_category`, `is_list`, `updated`, `created`) VALUES
(163, 0, 0, '0.77015800 1479505967582f782fbc06e1.56858137', 'vasquezd', 'L1 Group B', '', 163, 163, 163, 0, 0, '0000-00-00 00:00:00', '2016-11-18 21:52:47'),
(164, 0, 0, '0.16975800 1479506153582f78e92971e5.93499835', 'vasquezd', 'L1 Group A', '', 164, 164, 164, 0, 0, '0000-00-00 00:00:00', '2016-11-18 21:55:53'),
(165, 163, 0, '0.00287500 1479506593582f7aa100b3b2.69014824', 'vasquezd', 'L2 Project A', '', 165, 165, 165, 0, 0, '0000-00-00 00:00:00', '2016-11-18 22:03:13'),
(166, 0, 170, '0.53513600 1479507013582f7c4582a600.14090395', 'vasquezd', 'L3 List G', '', 166, 166, 166, 0, 0, '0000-00-00 00:00:00', '2016-11-18 22:10:13'),
(167, 164, 0, '0.71363400 1479509267582f8513ae3a26.38038221', 'vasquezd', 'L2 Group C', '', 167, 167, 167, 0, 0, '0000-00-00 00:00:00', '2016-11-18 22:47:47'),
(168, 164, 0, '0.44573600 1479509355582f856b6cd286.08913109', 'vasquezd', 'L2 Group D', '', 168, 168, 168, 0, 0, '0000-00-00 00:00:00', '2016-11-18 22:49:15'),
(169, 164, 0, '0.10474400 1479509368582f8578199280.19372366', 'vasquezd', 'L2 Group E', '', 169, 169, 169, 0, 0, '0000-00-00 00:00:00', '2016-11-18 22:49:28'),
(170, 164, 0, '0.57400800 1479509628582f867c8c2381.01884683', 'vasquezd', 'L2 Group F', '', 170, 170, 170, 0, 0, '0000-00-00 00:00:00', '2016-11-18 22:53:48'),
(171, 164, 0, '0.23269200 1479513929582f974938cf48.23294251', 'vasquezd', 'L2 Group G', '', 171, 171, 171, 0, 0, '0000-00-00 00:00:00', '2016-11-19 00:05:29'),
(172, 0, 171, '0.72503100 1479515829582f9eb5b10271.61778378', 'vasquezd', 'L3 List H', '', 172, 172, 172, 0, 0, '0000-00-00 00:00:00', '2016-11-19 00:37:09'),
(173, 0, 170, '0.89562300 1479515987582f9f53daa873.74982473', 'vasquezd', 'L3 List M', '', 173, 173, 173, 0, 0, '0000-00-00 00:00:00', '2016-11-19 00:39:47'),
(174, 0, 168, '0.48524500 1479516128582f9fe07677d5.04579864', 'vasquezd', 'Child L2 Group D', '', 174, 174, 174, 0, 0, '0000-00-00 00:00:00', '2016-11-19 00:42:08'),
(175, 0, 165, '0.75700200 1479516221582fa03db8d0a8.86756050', 'vasquezd', 'L1B, L2A, L3 Child', '', 175, 175, 175, 0, 0, '0000-00-00 00:00:00', '2016-11-19 00:43:41'),
(176, 0, 171, '0.05309500 1479516691582fa2130cf673.17991189', 'vasquezd', 'L3 List Z par', '', 176, 176, 176, 0, 0, '0000-00-00 00:00:00', '2016-11-19 00:51:31');

-- --------------------------------------------------------

--
-- Table structure for table `group_users`
--

CREATE TABLE IF NOT EXISTS `group_users` (
  `primary_id` int(11) NOT NULL AUTO_INCREMENT,
  `group_id` int(11) NOT NULL,
  `user_name` varchar(255) NOT NULL,
  `active_member` int(11) NOT NULL,
  `created` timestamp NOT NULL DEFAULT CURRENT_TIMESTAMP,
  `updated` timestamp NOT NULL,
  PRIMARY KEY (`primary_id`)
) ENGINE=InnoDB  DEFAULT CHARSET=latin1 AUTO_INCREMENT=415 ;

--
-- Dumping data for table `group_users`
--

INSERT INTO `group_users` (`primary_id`, `group_id`, `user_name`, `active_member`, `created`, `updated`) VALUES
(388, 163, 'vasquezd', 1, '2016-11-18 21:52:47', '0000-00-00 00:00:00'),
(389, 164, 'vasquezd', 1, '2016-11-18 21:55:53', '0000-00-00 00:00:00'),
(390, 163, 'kristen', 0, '2016-11-18 22:03:13', '0000-00-00 00:00:00'),
(391, 163, 'vasquezd', 1, '2016-11-18 22:03:13', '0000-00-00 00:00:00'),
(393, 165, 'vasquezd', 1, '2016-11-18 22:03:13', '0000-00-00 00:00:00'),
(394, 163, 'vasquezd', 1, '2016-11-18 22:10:13', '0000-00-00 00:00:00'),
(395, 166, 'vasquezd', 1, '2016-11-18 22:10:13', '0000-00-00 00:00:00'),
(396, 164, 'vasquezd', 1, '2016-11-18 22:47:47', '0000-00-00 00:00:00'),
(397, 167, 'vasquezd', 0, '2016-11-18 22:47:47', '0000-00-00 00:00:00'),
(398, 164, 'vasquezd', 1, '2016-11-18 22:49:15', '0000-00-00 00:00:00'),
(399, 168, 'vasquezd', 1, '2016-11-18 22:49:15', '0000-00-00 00:00:00'),
(400, 164, 'kristen', 0, '2016-11-18 22:49:28', '0000-00-00 00:00:00'),
(401, 164, 'Sarah', 0, '2016-11-18 22:49:28', '0000-00-00 00:00:00'),
(402, 164, 'vasquezd', 1, '2016-11-18 22:49:28', '0000-00-00 00:00:00'),
(403, 169, 'kristen', 0, '2016-11-18 22:49:28', '0000-00-00 00:00:00'),
(404, 169, 'Sarah', 0, '2016-11-18 22:49:28', '0000-00-00 00:00:00'),
(405, 169, 'vasquezd', 1, '2016-11-18 22:49:28', '0000-00-00 00:00:00'),
(406, 164, 'vasquezd', 1, '2016-11-18 22:53:48', '0000-00-00 00:00:00'),
(407, 170, 'vasquezd', 1, '2016-11-18 22:53:48', '0000-00-00 00:00:00'),
(408, 164, 'vasquezd', 0, '2016-11-19 00:05:29', '0000-00-00 00:00:00'),
(409, 171, 'vasquezd', 1, '2016-11-19 00:05:29', '0000-00-00 00:00:00'),
(410, 172, 'vasquezd', 1, '2016-11-19 00:37:09', '0000-00-00 00:00:00'),
(411, 173, 'vasquezd', 1, '2016-11-19 00:39:47', '0000-00-00 00:00:00'),
(412, 174, 'vasquezd', 1, '2016-11-19 00:42:08', '0000-00-00 00:00:00'),
(413, 175, 'vasquezd', 1, '2016-11-19 00:43:41', '0000-00-00 00:00:00'),
(414, 176, 'vasquezd', 1, '2016-11-19 00:51:31', '0000-00-00 00:00:00');

-- --------------------------------------------------------

--
-- Table structure for table `links`
--

CREATE TABLE IF NOT EXISTS `links` (
  `link_id` int(10) unsigned NOT NULL AUTO_INCREMENT,
  `group_id` int(11) NOT NULL,
  `folder_name` varchar(255) NOT NULL,
  `parent` int(11) NOT NULL,
  `is_folder` int(11) NOT NULL,
  `link_url` varchar(2083) NOT NULL,
  `link_title` text NOT NULL,
  `user_name` varchar(255) NOT NULL,
  `link_from` varchar(255) NOT NULL,
  `link_image` varchar(255) NOT NULL,
  `link_favicon` varchar(255) NOT NULL,
  `link_type` varchar(255) NOT NULL,
  `caption` text NOT NULL,
  `tag_id` int(11) NOT NULL,
  `likes` int(11) NOT NULL,
  `unique_id` varchar(255) NOT NULL,
  `link_status` int(11) NOT NULL,
  `recycle_status` int(11) NOT NULL,
  `square_id` int(11) NOT NULL,
  `created` timestamp NOT NULL DEFAULT CURRENT_TIMESTAMP ON UPDATE CURRENT_TIMESTAMP,
  `updated` timestamp NOT NULL DEFAULT '0000-00-00 00:00:00',
  PRIMARY KEY (`link_id`)
) ENGINE=InnoDB  DEFAULT CHARSET=latin1 AUTO_INCREMENT=291 ;

--
-- Dumping data for table `links`
--

INSERT INTO `links` (`link_id`, `group_id`, `folder_name`, `parent`, `is_folder`, `link_url`, `link_title`, `user_name`, `link_from`, `link_image`, `link_favicon`, `link_type`, `caption`, `tag_id`, `likes`, `unique_id`, `link_status`, `recycle_status`, `square_id`, `created`, `updated`) VALUES
(281, 0, 'Wall Posts', 0, 0, 'https://www.amazon.com/Lord-Brocktree-Redwall-Brian-Jacques/dp/0441008720/ref=sr_1_14?ie=UTF8&qid=1474667792&sr=8-14&keywords=redwall', 'Amazon.com: Lord Brocktree: A Novel of Redwall (9780441008728): Brian Jacques: Books', 'vasquezd', 'vasquezd', 'amazon.png', 'amazon.png', 'shared', '', 0, 0, '', 0, 0, 0, '2016-09-23 22:18:41', '0000-00-00 00:00:00'),
(282, 0, 'wall_posts', 0, 0, 'https://www.amazon.com/Redwall-Book-1-Brian-Jacques/dp/0142302376/ref=sr_1_1?ie=UTF8&qid=1474931957&sr=8-1&keywords=redwall', 'Amazon.com: Redwall (Redwall, Book 1) (9780142302378): Brian Jacques, Gary Chalk: Books', 'vasquezd', 'vasquezd', 'amazon.png', 'amazon.png', 'shared', '', 0, 0, '', 0, 0, 0, '2016-09-26 23:19:45', '0000-00-00 00:00:00'),
(283, 0, 'wall_posts', 0, 0, 'https://www.amazon.com/Redwall-Book-1-Brian-Jacques/dp/0142302376/ref=sr_1_1?ie=UTF8&qid=1474931957&sr=8-1&keywords=redwall', 'Amazon.com: Redwall (Redwall, Book 1) (9780142302378): Brian Jacques, Gary Chalk: Books', 'vasquezd', 'vasquezd', 'amazon.png', 'amazon.png', 'shared', '', 0, 0, '', 0, 0, 0, '2016-09-26 23:19:47', '0000-00-00 00:00:00'),
(284, 0, 'wall_posts', 0, 0, 'http://finance.yahoo.com/news/7-fascinating-archaeological-discoveries-made-193900504.html', 'Archaeology has had an amazing month: Here are 7 of the most exciting discoveries', 'vasquezd', 'vasquezd', 'yahoo.png', 'yahoo.png', 'shared', '', 0, 0, '', 0, 0, 0, '2016-09-28 20:24:19', '0000-00-00 00:00:00'),
(285, 0, 'wall_posts', 0, 0, 'http://finance.yahoo.com/news/7-fascinating-archaeological-discoveries-made-193900504.html', 'Archaeology has had an amazing month: Here are 7 of the most exciting discoveries', 'vasquezd', 'vasquezd', 'yahoo.png', 'yahoo.png', 'shared', '', 0, 0, '', 0, 0, 0, '2016-09-28 20:28:52', '0000-00-00 00:00:00'),
(286, 0, 'wall_posts', 0, 0, 'https://www.yahoo.com/news/latest-archaeology-discovery-may-prove-145523827.html', 'Latest Archaeology Discovery May Prove Biblical References', 'vasquezd', 'vasquezd', 'yahoo.png', 'yahoo.png', 'shared', '', 0, 0, '', 0, 0, 0, '2016-09-28 20:32:30', '0000-00-00 00:00:00'),
(287, 0, 'wall_posts', 0, 0, 'https://www.yahoo.com/news/latest-archaeology-discovery-may-prove-145523827.html', 'Latest Archaeology Discovery May Prove Biblical References', 'vasquezd', 'vasquezd', 'yahoo.png', 'yahoo.png', 'shared', '', 0, 0, '', 0, 0, 0, '2016-09-28 20:39:28', '0000-00-00 00:00:00'),
(288, 0, 'wall_posts', 0, 0, 'https://www.yahoo.com/news/latest-archaeology-discovery-may-prove-145523827.html', 'Latest Archaeology Discovery May Prove Biblical References', 'vasquezd', 'vasquezd', 'yahoo.png', 'yahoo.png', 'shared', '', 0, 0, '', 0, 0, 0, '2016-09-28 20:43:29', '0000-00-00 00:00:00'),
(289, 0, 'Wall Posts', 0, 0, 'https://www.amazon.com/Rakkety-Tam-Redwall-Brian-Jacques-ebook/dp/B0009HARRU/ref=sr_1_6?ie=UTF8&qid=1475099931&sr=8-6&keywords=brian+jaque', 'Rakkety Tam (Redwall (Philomel/Cloth)): Brian Jacques, David Elliot: Amazon.com: Books', 'vasquezd', 'vasquezd', 'amazon.png', 'amazon.png', 'shared', '', 0, 0, '', 0, 0, 0, '2016-09-28 23:12:33', '0000-00-00 00:00:00'),
(290, 0, 'Wall Posts', 0, 0, 'https://www.amazon.com/Rakkety-Tam-Redwall-Brian-Jacques-ebook/dp/B0009HARRU/ref=sr_1_6?ie=UTF8&qid=1475099931&sr=8-6&keywords=brian+jaque', 'Rakkety Tam (Redwall (Philomel/Cloth)): Brian Jacques, David Elliot: Amazon.com: Books', 'vasquezd', 'vasquezd', 'amazon.png', 'amazon.png', 'shared', '', 0, 0, '', 0, 0, 0, '2016-09-28 23:14:26', '0000-00-00 00:00:00');

-- --------------------------------------------------------

--
-- Table structure for table `list`
--

CREATE TABLE IF NOT EXISTS `list` (
  `list_primary_id` int(10) unsigned NOT NULL AUTO_INCREMENT,
  `list_id` int(11) NOT NULL,
  `user_name` varchar(255) NOT NULL,
  `user_id` int(11) NOT NULL,
  `user_privilege` varchar(255) NOT NULL,
  `created_by` varchar(255) NOT NULL,
  `shared_with` varchar(255) NOT NULL,
  `list_type` varchar(255) NOT NULL,
  `list_name` varchar(255) NOT NULL,
  `group_id` int(11) NOT NULL,
  `unique_key` varchar(255) NOT NULL,
  `is_default` int(11) NOT NULL,
  `active_status` int(11) NOT NULL,
  `public_status` int(11) NOT NULL,
  `recycle_status` int(11) NOT NULL,
  `updated` timestamp NOT NULL DEFAULT CURRENT_TIMESTAMP ON UPDATE CURRENT_TIMESTAMP,
  `created` timestamp NOT NULL DEFAULT '0000-00-00 00:00:00',
  PRIMARY KEY (`list_primary_id`)
) ENGINE=InnoDB  DEFAULT CHARSET=latin1 AUTO_INCREMENT=398 ;

--
-- Dumping data for table `list`
--

INSERT INTO `list` (`list_primary_id`, `list_id`, `user_name`, `user_id`, `user_privilege`, `created_by`, `shared_with`, `list_type`, `list_name`, `group_id`, `unique_key`, `is_default`, `active_status`, `public_status`, `recycle_status`, `updated`, `created`) VALUES
(381, 381, 'vasquezd', 1, 'own', 'vasquezd', 'vasquezd', 'wishlist', 'My First List', 0, '2c51504605fa8cb0eff5215b29f64d4d', 1, 1, 0, 0, '2016-10-30 22:56:48', '2016-10-30 22:56:48'),
(382, 382, 'vasquezd', 1, 'own', 'vasquezd', 'vasquezd', 'wishlist', 'Christmas!', 0, '13ed52a08485b0845cddf0fdbd6fb3f4', 0, 1, 1, 0, '2016-11-10 22:29:44', '2016-10-30 23:31:12'),
(383, 381, 'aimee', 5, 'view', 'vasquezd', 'aimee', 'wishlist', 'My First List', 0, '', 0, 1, 0, 0, '2016-11-03 20:54:30', '0000-00-00 00:00:00'),
(384, 384, 'aimee', 5, 'own', 'aimee', 'aimee', 'wishlist', 'dav', 0, 'c307ced03e5a9de9abcdee695ec5ef8c', 0, 1, 0, 0, '2016-11-03 20:56:08', '2016-11-03 20:56:08'),
(385, 381, 'brian', 3, 'view', 'vasquezd', 'brian', 'wishlist', 'My First List', 0, '', 0, 1, 0, 0, '2016-11-03 21:07:11', '0000-00-00 00:00:00'),
(386, 386, 'aimee', 5, 'own', 'aimee', 'aimee', 'wishlist', 'My First List', 0, 'cbdf6a52d8122af11302e481434c2b62', 1, 1, 0, 0, '2016-11-05 21:10:42', '2016-11-05 21:10:42'),
(387, 387, 'aimee', 5, 'own', 'aimee', 'aimee', 'wishlist', 'shared w david', 0, '4cce763635a4b25a1b492ce222bcf345', 0, 1, 0, 0, '2016-11-05 21:10:50', '2016-11-05 21:10:50'),
(388, 387, 'vasquezd', 1, 'view', 'aimee', 'vasquezd', 'wishlist', 'shared w david', 0, '', 0, 1, 0, 0, '2016-11-05 21:10:56', '0000-00-00 00:00:00'),
(389, 381, 'kristen', 4, 'view', 'vasquezd', 'kristen', 'wishlist', 'My First List', 0, '', 0, 1, 0, 0, '2016-11-05 23:41:17', '0000-00-00 00:00:00'),
(390, 381, 'Sarah', 7, 'view', 'vasquezd', 'Sarah', 'wishlist', 'My First List', 0, '', 0, 1, 0, 0, '2016-11-05 23:41:17', '0000-00-00 00:00:00'),
(391, 381, 'chris', 8, 'view', 'vasquezd', 'chris', 'wishlist', 'My First List', 0, '', 0, 1, 0, 0, '2016-11-05 23:41:17', '0000-00-00 00:00:00'),
(392, 382, 'kristen', 4, 'view', 'vasquezd', 'kristen', 'wishlist', 'Christmas!', 0, '', 0, 1, 0, 0, '2016-11-05 23:42:49', '0000-00-00 00:00:00'),
(393, 382, 'brian', 3, 'view', 'vasquezd', 'brian', 'wishlist', 'Christmas!', 0, '', 0, 1, 0, 0, '2016-11-05 23:42:49', '0000-00-00 00:00:00'),
(394, 382, 'Sarah', 7, 'view', 'vasquezd', 'Sarah', 'wishlist', 'Christmas!', 0, '', 0, 1, 0, 0, '2016-11-05 23:42:49', '0000-00-00 00:00:00'),
(395, 382, 'chris', 8, 'view', 'vasquezd', 'chris', 'wishlist', 'Christmas!', 0, '', 0, 1, 0, 0, '2016-11-05 23:42:49', '0000-00-00 00:00:00'),
(396, 382, 'aimee', 5, 'view', 'vasquezd', 'aimee', 'wishlist', 'Christmas!', 0, '', 0, 1, 0, 0, '2016-11-05 23:42:49', '0000-00-00 00:00:00'),
(397, 397, 'vasquezd', 1, 'own', 'vasquezd', 'vasquezd', 'wishlist', 'test', 0, 'b2f9521dd015ac2520030dedcbae10fd', 0, 1, 0, 0, '2016-11-06 23:34:39', '2016-11-06 23:34:39');

-- --------------------------------------------------------

--
-- Table structure for table `list_users`
--

CREATE TABLE IF NOT EXISTS `list_users` (
  `primary_id` int(11) NOT NULL AUTO_INCREMENT,
  `list_id` int(11) NOT NULL,
  `user_name` varchar(255) NOT NULL,
  `user_privilege` varchar(255) NOT NULL,
  `active_member` int(11) NOT NULL,
  `created` timestamp NOT NULL DEFAULT CURRENT_TIMESTAMP,
  `updated` timestamp NOT NULL,
  PRIMARY KEY (`primary_id`)
) ENGINE=InnoDB  DEFAULT CHARSET=latin1 AUTO_INCREMENT=76 ;

--
-- Dumping data for table `list_users`
--

INSERT INTO `list_users` (`primary_id`, `list_id`, `user_name`, `user_privilege`, `active_member`, `created`, `updated`) VALUES
(57, 381, 'vasquezd', 'own', 1, '2016-10-30 22:56:48', '0000-00-00 00:00:00'),
(58, 382, 'vasquezd', 'own', 1, '2016-10-30 23:31:12', '0000-00-00 00:00:00'),
(61, 381, 'aimee', 'view', 1, '2016-11-03 20:54:30', '0000-00-00 00:00:00'),
(62, 384, 'aimee', 'own', 1, '2016-11-03 20:56:08', '0000-00-00 00:00:00'),
(63, 381, 'brian', 'view', 1, '2016-11-03 21:07:11', '0000-00-00 00:00:00'),
(64, 386, 'aimee', 'own', 1, '2016-11-05 21:10:42', '0000-00-00 00:00:00'),
(65, 387, 'aimee', 'own', 1, '2016-11-05 21:10:50', '0000-00-00 00:00:00'),
(66, 387, 'vasquezd', 'view', 1, '2016-11-05 21:10:56', '0000-00-00 00:00:00'),
(67, 381, 'kristen', 'view', 1, '2016-11-05 23:41:17', '0000-00-00 00:00:00'),
(68, 381, 'Sarah', 'view', 1, '2016-11-05 23:41:17', '0000-00-00 00:00:00'),
(69, 381, 'chris', 'view', 1, '2016-11-05 23:41:17', '0000-00-00 00:00:00'),
(70, 382, 'kristen', 'view', 1, '2016-11-05 23:42:49', '0000-00-00 00:00:00'),
(71, 382, 'brian', 'view', 1, '2016-11-05 23:42:49', '0000-00-00 00:00:00'),
(72, 382, 'Sarah', 'view', 1, '2016-11-05 23:42:49', '0000-00-00 00:00:00'),
(73, 382, 'chris', 'view', 1, '2016-11-05 23:42:49', '0000-00-00 00:00:00'),
(74, 382, 'aimee', 'view', 1, '2016-11-05 23:42:49', '0000-00-00 00:00:00'),
(75, 397, 'vasquezd', 'own', 1, '2016-11-06 23:34:39', '0000-00-00 00:00:00');

-- --------------------------------------------------------

--
-- Table structure for table `notifications`
--

CREATE TABLE IF NOT EXISTS `notifications` (
  `notification_id` int(11) NOT NULL AUTO_INCREMENT,
  `master_site` varchar(255) NOT NULL,
  `notification_from` varchar(255) NOT NULL,
  `notification_to` varchar(255) NOT NULL,
  `notification_time` timestamp NOT NULL,
  `notification_message` varchar(255) NOT NULL,
  `notification_type` varchar(255) NOT NULL,
  `full_link` varchar(255) NOT NULL,
  `link_url` varchar(255) NOT NULL,
  `group_id` int(11) NOT NULL,
  `project_id` int(11) NOT NULL,
  `list_id` int(11) NOT NULL,
  `from_logged_in_user` int(11) NOT NULL,
  `status_unseen` int(11) NOT NULL,
  `clicked` int(11) NOT NULL,
  PRIMARY KEY (`notification_id`)
) ENGINE=InnoDB  DEFAULT CHARSET=latin1 AUTO_INCREMENT=57 ;

--
-- Dumping data for table `notifications`
--

INSERT INTO `notifications` (`notification_id`, `master_site`, `notification_from`, `notification_to`, `notification_time`, `notification_message`, `notification_type`, `full_link`, `link_url`, `group_id`, `project_id`, `list_id`, `from_logged_in_user`, `status_unseen`, `clicked`) VALUES
(1, 'wishlist', 'vasquezd', 'vasquezd', '2016-11-03 22:40:49', 'shared an item', '', 'wishlist.php?list_id=0', 'wishlist.php?list_id=0', 0, 0, 0, 1, 1, 0),
(2, 'divvy', 'vasquezd', 'brian', '2016-11-03 23:54:55', ' Added you to a New Divvy ', '', '#', '#', 124, 132, 158, 0, 1, 0),
(3, 'divvy', 'vasquezd', 'chris', '2016-11-03 23:54:55', ' Added you to a New Divvy ', '', '#', '#', 124, 132, 158, 0, 1, 0),
(4, 'divvy', 'vasquezd', 'aimee', '2016-11-03 23:54:55', ' Added you to a New Divvy ', '', '#', '#', 124, 132, 158, 0, 1, 0),
(5, 'wishlist', 'aimee', 'aimee', '2016-11-05 21:10:56', ' shared a new list with you', '', 'http://mywishlists.co/wishlist/site_files/wishlist.php?list_id=387', 'http://mywishlists.co/wishlist/site_files/wishlist.php?list_id=387', 0, 0, 387, 1, 1, 0),
(6, 'wishlist', 'aimee', 'vasquezd', '2016-11-05 21:10:56', ' shared a new list with you', '', 'http://mywishlists.co/wishlist/site_files/wishlist.php?list_id=387', 'http://mywishlists.co/wishlist/site_files/wishlist.php?list_id=387', 0, 0, 387, 0, 1, 0),
(7, 'wishlist', 'vasquezd', 'vasquezd', '2016-11-05 23:41:17', ' shared a new list with you', '', 'http://mywishlists.co/wishlist/site_files/wishlist.php?list_id=381', 'http://mywishlists.co/wishlist/site_files/wishlist.php?list_id=381', 0, 0, 381, 1, 1, 0),
(8, 'wishlist', 'vasquezd', 'aimee', '2016-11-05 23:41:17', ' shared a new list with you', '', 'http://mywishlists.co/wishlist/site_files/wishlist.php?list_id=381', 'http://mywishlists.co/wishlist/site_files/wishlist.php?list_id=381', 0, 0, 381, 0, 1, 0),
(9, 'wishlist', 'vasquezd', 'brian', '2016-11-05 23:41:17', ' shared a new list with you', '', 'http://mywishlists.co/wishlist/site_files/wishlist.php?list_id=381', 'http://mywishlists.co/wishlist/site_files/wishlist.php?list_id=381', 0, 0, 381, 0, 1, 0),
(10, 'wishlist', 'vasquezd', 'kristen', '2016-11-05 23:41:17', ' shared a new list with you', '', 'http://mywishlists.co/wishlist/site_files/wishlist.php?list_id=381', 'http://mywishlists.co/wishlist/site_files/wishlist.php?list_id=381', 0, 0, 381, 0, 1, 0),
(11, 'wishlist', 'vasquezd', 'Sarah', '2016-11-05 23:41:17', ' shared a new list with you', '', 'http://mywishlists.co/wishlist/site_files/wishlist.php?list_id=381', 'http://mywishlists.co/wishlist/site_files/wishlist.php?list_id=381', 0, 0, 381, 0, 1, 0),
(12, 'wishlist', 'vasquezd', 'chris', '2016-11-05 23:41:17', ' shared a new list with you', '', 'http://mywishlists.co/wishlist/site_files/wishlist.php?list_id=381', 'http://mywishlists.co/wishlist/site_files/wishlist.php?list_id=381', 0, 0, 381, 0, 1, 0),
(13, 'wishlist', 'vasquezd', 'vasquezd', '2016-11-05 23:41:17', ' shared a new list with you', '', 'http://mywishlists.co/wishlist/site_files/wishlist.php?list_id=381', 'http://mywishlists.co/wishlist/site_files/wishlist.php?list_id=381', 0, 0, 381, 1, 1, 0),
(14, 'wishlist', 'vasquezd', 'aimee', '2016-11-05 23:41:17', ' shared a new list with you', '', 'http://mywishlists.co/wishlist/site_files/wishlist.php?list_id=381', 'http://mywishlists.co/wishlist/site_files/wishlist.php?list_id=381', 0, 0, 381, 0, 1, 0),
(15, 'wishlist', 'vasquezd', 'brian', '2016-11-05 23:41:17', ' shared a new list with you', '', 'http://mywishlists.co/wishlist/site_files/wishlist.php?list_id=381', 'http://mywishlists.co/wishlist/site_files/wishlist.php?list_id=381', 0, 0, 381, 0, 1, 0),
(16, 'wishlist', 'vasquezd', 'kristen', '2016-11-05 23:41:17', ' shared a new list with you', '', 'http://mywishlists.co/wishlist/site_files/wishlist.php?list_id=381', 'http://mywishlists.co/wishlist/site_files/wishlist.php?list_id=381', 0, 0, 381, 0, 1, 0),
(17, 'wishlist', 'vasquezd', 'Sarah', '2016-11-05 23:41:17', ' shared a new list with you', '', 'http://mywishlists.co/wishlist/site_files/wishlist.php?list_id=381', 'http://mywishlists.co/wishlist/site_files/wishlist.php?list_id=381', 0, 0, 381, 0, 1, 0),
(18, 'wishlist', 'vasquezd', 'chris', '2016-11-05 23:41:17', ' shared a new list with you', '', 'http://mywishlists.co/wishlist/site_files/wishlist.php?list_id=381', 'http://mywishlists.co/wishlist/site_files/wishlist.php?list_id=381', 0, 0, 381, 0, 1, 0),
(19, 'wishlist', 'vasquezd', 'vasquezd', '2016-11-05 23:41:17', ' shared a new list with you', '', 'http://mywishlists.co/wishlist/site_files/wishlist.php?list_id=381', 'http://mywishlists.co/wishlist/site_files/wishlist.php?list_id=381', 0, 0, 381, 1, 1, 0),
(20, 'wishlist', 'vasquezd', 'aimee', '2016-11-05 23:41:17', ' shared a new list with you', '', 'http://mywishlists.co/wishlist/site_files/wishlist.php?list_id=381', 'http://mywishlists.co/wishlist/site_files/wishlist.php?list_id=381', 0, 0, 381, 0, 1, 0),
(21, 'wishlist', 'vasquezd', 'brian', '2016-11-05 23:41:17', ' shared a new list with you', '', 'http://mywishlists.co/wishlist/site_files/wishlist.php?list_id=381', 'http://mywishlists.co/wishlist/site_files/wishlist.php?list_id=381', 0, 0, 381, 0, 1, 0),
(22, 'wishlist', 'vasquezd', 'kristen', '2016-11-05 23:41:17', ' shared a new list with you', '', 'http://mywishlists.co/wishlist/site_files/wishlist.php?list_id=381', 'http://mywishlists.co/wishlist/site_files/wishlist.php?list_id=381', 0, 0, 381, 0, 1, 0),
(23, 'wishlist', 'vasquezd', 'Sarah', '2016-11-05 23:41:17', ' shared a new list with you', '', 'http://mywishlists.co/wishlist/site_files/wishlist.php?list_id=381', 'http://mywishlists.co/wishlist/site_files/wishlist.php?list_id=381', 0, 0, 381, 0, 1, 0),
(24, 'wishlist', 'vasquezd', 'chris', '2016-11-05 23:41:17', ' shared a new list with you', '', 'http://mywishlists.co/wishlist/site_files/wishlist.php?list_id=381', 'http://mywishlists.co/wishlist/site_files/wishlist.php?list_id=381', 0, 0, 381, 0, 1, 0),
(25, 'wishlist', 'vasquezd', 'vasquezd', '2016-11-05 23:42:49', ' shared a new list with you', '', 'http://mywishlists.co/wishlist/site_files/wishlist.php?list_id=382', 'http://mywishlists.co/wishlist/site_files/wishlist.php?list_id=382', 0, 0, 382, 1, 1, 0),
(26, 'wishlist', 'vasquezd', 'kristen', '2016-11-05 23:42:49', ' shared a new list with you', '', 'http://mywishlists.co/wishlist/site_files/wishlist.php?list_id=382', 'http://mywishlists.co/wishlist/site_files/wishlist.php?list_id=382', 0, 0, 382, 0, 1, 0),
(27, 'wishlist', 'vasquezd', 'brian', '2016-11-05 23:42:49', ' shared a new list with you', '', 'http://mywishlists.co/wishlist/site_files/wishlist.php?list_id=382', 'http://mywishlists.co/wishlist/site_files/wishlist.php?list_id=382', 0, 0, 382, 0, 1, 0),
(28, 'wishlist', 'vasquezd', 'Sarah', '2016-11-05 23:42:49', ' shared a new list with you', '', 'http://mywishlists.co/wishlist/site_files/wishlist.php?list_id=382', 'http://mywishlists.co/wishlist/site_files/wishlist.php?list_id=382', 0, 0, 382, 0, 1, 0),
(29, 'wishlist', 'vasquezd', 'chris', '2016-11-05 23:42:49', ' shared a new list with you', '', 'http://mywishlists.co/wishlist/site_files/wishlist.php?list_id=382', 'http://mywishlists.co/wishlist/site_files/wishlist.php?list_id=382', 0, 0, 382, 0, 1, 0),
(30, 'wishlist', 'vasquezd', 'aimee', '2016-11-05 23:42:49', ' shared a new list with you', '', 'http://mywishlists.co/wishlist/site_files/wishlist.php?list_id=382', 'http://mywishlists.co/wishlist/site_files/wishlist.php?list_id=382', 0, 0, 382, 0, 1, 0),
(31, 'wishlist', 'vasquezd', 'vasquezd', '2016-11-05 23:42:49', ' shared a new list with you', '', 'http://mywishlists.co/wishlist/site_files/wishlist.php?list_id=382', 'http://mywishlists.co/wishlist/site_files/wishlist.php?list_id=382', 0, 0, 382, 1, 1, 0),
(32, 'wishlist', 'vasquezd', 'kristen', '2016-11-05 23:42:49', ' shared a new list with you', '', 'http://mywishlists.co/wishlist/site_files/wishlist.php?list_id=382', 'http://mywishlists.co/wishlist/site_files/wishlist.php?list_id=382', 0, 0, 382, 0, 1, 0),
(33, 'wishlist', 'vasquezd', 'brian', '2016-11-05 23:42:49', ' shared a new list with you', '', 'http://mywishlists.co/wishlist/site_files/wishlist.php?list_id=382', 'http://mywishlists.co/wishlist/site_files/wishlist.php?list_id=382', 0, 0, 382, 0, 1, 0),
(34, 'wishlist', 'vasquezd', 'Sarah', '2016-11-05 23:42:49', ' shared a new list with you', '', 'http://mywishlists.co/wishlist/site_files/wishlist.php?list_id=382', 'http://mywishlists.co/wishlist/site_files/wishlist.php?list_id=382', 0, 0, 382, 0, 1, 0),
(35, 'wishlist', 'vasquezd', 'chris', '2016-11-05 23:42:49', ' shared a new list with you', '', 'http://mywishlists.co/wishlist/site_files/wishlist.php?list_id=382', 'http://mywishlists.co/wishlist/site_files/wishlist.php?list_id=382', 0, 0, 382, 0, 1, 0),
(36, 'wishlist', 'vasquezd', 'aimee', '2016-11-05 23:42:49', ' shared a new list with you', '', 'http://mywishlists.co/wishlist/site_files/wishlist.php?list_id=382', 'http://mywishlists.co/wishlist/site_files/wishlist.php?list_id=382', 0, 0, 382, 0, 1, 0),
(37, 'wishlist', 'vasquezd', 'vasquezd', '2016-11-05 23:42:49', ' shared a new list with you', '', 'http://mywishlists.co/wishlist/site_files/wishlist.php?list_id=382', 'http://mywishlists.co/wishlist/site_files/wishlist.php?list_id=382', 0, 0, 382, 1, 1, 0),
(38, 'wishlist', 'vasquezd', 'kristen', '2016-11-05 23:42:49', ' shared a new list with you', '', 'http://mywishlists.co/wishlist/site_files/wishlist.php?list_id=382', 'http://mywishlists.co/wishlist/site_files/wishlist.php?list_id=382', 0, 0, 382, 0, 1, 0),
(39, 'wishlist', 'vasquezd', 'brian', '2016-11-05 23:42:49', ' shared a new list with you', '', 'http://mywishlists.co/wishlist/site_files/wishlist.php?list_id=382', 'http://mywishlists.co/wishlist/site_files/wishlist.php?list_id=382', 0, 0, 382, 0, 1, 0),
(40, 'wishlist', 'vasquezd', 'Sarah', '2016-11-05 23:42:49', ' shared a new list with you', '', 'http://mywishlists.co/wishlist/site_files/wishlist.php?list_id=382', 'http://mywishlists.co/wishlist/site_files/wishlist.php?list_id=382', 0, 0, 382, 0, 1, 0),
(41, 'wishlist', 'vasquezd', 'chris', '2016-11-05 23:42:49', ' shared a new list with you', '', 'http://mywishlists.co/wishlist/site_files/wishlist.php?list_id=382', 'http://mywishlists.co/wishlist/site_files/wishlist.php?list_id=382', 0, 0, 382, 0, 1, 0),
(42, 'wishlist', 'vasquezd', 'aimee', '2016-11-05 23:42:49', ' shared a new list with you', '', 'http://mywishlists.co/wishlist/site_files/wishlist.php?list_id=382', 'http://mywishlists.co/wishlist/site_files/wishlist.php?list_id=382', 0, 0, 382, 0, 1, 0),
(43, 'wishlist', 'vasquezd', 'vasquezd', '2016-11-05 23:42:49', ' shared a new list with you', '', 'http://mywishlists.co/wishlist/site_files/wishlist.php?list_id=382', 'http://mywishlists.co/wishlist/site_files/wishlist.php?list_id=382', 0, 0, 382, 1, 1, 0),
(44, 'wishlist', 'vasquezd', 'kristen', '2016-11-05 23:42:49', ' shared a new list with you', '', 'http://mywishlists.co/wishlist/site_files/wishlist.php?list_id=382', 'http://mywishlists.co/wishlist/site_files/wishlist.php?list_id=382', 0, 0, 382, 0, 1, 0),
(45, 'wishlist', 'vasquezd', 'brian', '2016-11-05 23:42:49', ' shared a new list with you', '', 'http://mywishlists.co/wishlist/site_files/wishlist.php?list_id=382', 'http://mywishlists.co/wishlist/site_files/wishlist.php?list_id=382', 0, 0, 382, 0, 1, 0),
(46, 'wishlist', 'vasquezd', 'Sarah', '2016-11-05 23:42:49', ' shared a new list with you', '', 'http://mywishlists.co/wishlist/site_files/wishlist.php?list_id=382', 'http://mywishlists.co/wishlist/site_files/wishlist.php?list_id=382', 0, 0, 382, 0, 1, 0),
(47, 'wishlist', 'vasquezd', 'chris', '2016-11-05 23:42:49', ' shared a new list with you', '', 'http://mywishlists.co/wishlist/site_files/wishlist.php?list_id=382', 'http://mywishlists.co/wishlist/site_files/wishlist.php?list_id=382', 0, 0, 382, 0, 1, 0),
(48, 'wishlist', 'vasquezd', 'aimee', '2016-11-05 23:42:49', ' shared a new list with you', '', 'http://mywishlists.co/wishlist/site_files/wishlist.php?list_id=382', 'http://mywishlists.co/wishlist/site_files/wishlist.php?list_id=382', 0, 0, 382, 0, 1, 0),
(49, 'wishlist', 'vasquezd', 'vasquezd', '2016-11-05 23:42:49', ' shared a new list with you', '', 'http://mywishlists.co/wishlist/site_files/wishlist.php?list_id=382', 'http://mywishlists.co/wishlist/site_files/wishlist.php?list_id=382', 0, 0, 382, 1, 1, 0),
(50, 'wishlist', 'vasquezd', 'kristen', '2016-11-05 23:42:49', ' shared a new list with you', '', 'http://mywishlists.co/wishlist/site_files/wishlist.php?list_id=382', 'http://mywishlists.co/wishlist/site_files/wishlist.php?list_id=382', 0, 0, 382, 0, 1, 0),
(51, 'wishlist', 'vasquezd', 'brian', '2016-11-05 23:42:49', ' shared a new list with you', '', 'http://mywishlists.co/wishlist/site_files/wishlist.php?list_id=382', 'http://mywishlists.co/wishlist/site_files/wishlist.php?list_id=382', 0, 0, 382, 0, 1, 0),
(52, 'wishlist', 'vasquezd', 'Sarah', '2016-11-05 23:42:49', ' shared a new list with you', '', 'http://mywishlists.co/wishlist/site_files/wishlist.php?list_id=382', 'http://mywishlists.co/wishlist/site_files/wishlist.php?list_id=382', 0, 0, 382, 0, 1, 0),
(53, 'wishlist', 'vasquezd', 'chris', '2016-11-05 23:42:49', ' shared a new list with you', '', 'http://mywishlists.co/wishlist/site_files/wishlist.php?list_id=382', 'http://mywishlists.co/wishlist/site_files/wishlist.php?list_id=382', 0, 0, 382, 0, 1, 0),
(54, 'wishlist', 'vasquezd', 'aimee', '2016-11-05 23:42:49', ' shared a new list with you', '', 'http://mywishlists.co/wishlist/site_files/wishlist.php?list_id=382', 'http://mywishlists.co/wishlist/site_files/wishlist.php?list_id=382', 0, 0, 382, 0, 1, 0),
(55, 'divvy', 'vasquezd', 'kristen', '2016-11-17 22:05:11', ' Added you to a New Divvy ', '', '#', '#', 124, 0, 0, 0, 1, 0),
(56, 'divvy', 'vasquezd', 'Sarah', '2016-11-17 22:05:11', ' Added you to a New Divvy ', '', '#', '#', 124, 0, 0, 0, 1, 0);

-- --------------------------------------------------------

--
-- Table structure for table `pending_email`
--

CREATE TABLE IF NOT EXISTS `pending_email` (
  `primary_id` int(11) NOT NULL AUTO_INCREMENT,
  `codehash` varchar(255) NOT NULL,
  `request_from` varchar(255) NOT NULL,
  `request_to` varchar(255) NOT NULL,
  `request_to_existing_user` varchar(255) NOT NULL,
  `email` varchar(255) NOT NULL,
  `square_id` int(11) NOT NULL,
  `group_id` int(11) NOT NULL,
  `list_id` int(11) NOT NULL,
  `status` int(11) NOT NULL,
  PRIMARY KEY (`primary_id`),
  UNIQUE KEY `codehash` (`codehash`)
) ENGINE=InnoDB  DEFAULT CHARSET=latin1 AUTO_INCREMENT=16 ;

--
-- Dumping data for table `pending_email`
--

INSERT INTO `pending_email` (`primary_id`, `codehash`, `request_from`, `request_to`, `request_to_existing_user`, `email`, `square_id`, `group_id`, `list_id`, `status`) VALUES
(15, '479e282aba976ba0189e758cd66bb767fe5e2280', 'vasquezd', '<a href=http://mywishlists.co/wishlist/site_files/register_email.php?hash=479e282aba976ba0189e758cd66bb767fe5e2280&useremail=vasquezd@onid.orst.edu&friendname=vasquezd&listid=0">Join WishList</a>', '<a href=http://mywishlists.co/wishlist/index_invite.php?hash=479e282aba976ba0189e758cd66bb767fe5e2280&useremail=vasquezd@onid.orst.edu&friendname=vasquezd&listid=0">Login and Add the List </a>', 'vasquezd@onid.orst.edu', 0, 0, 0, 1);

-- --------------------------------------------------------

--
-- Table structure for table `pending_requests`
--

CREATE TABLE IF NOT EXISTS `pending_requests` (
  `primary_id` int(11) NOT NULL AUTO_INCREMENT,
  `request_type` varchar(255) NOT NULL,
  `request_type_name` varchar(255) NOT NULL,
  `sent_by` varchar(255) NOT NULL,
  `sent_to` varchar(255) NOT NULL,
  `request_key` varchar(255) NOT NULL,
  `sent_to_email` varchar(255) NOT NULL,
  `square_id` int(11) NOT NULL,
  `group_id` int(11) NOT NULL,
  `list_id` int(11) NOT NULL,
  `status` int(11) NOT NULL,
  `updated` timestamp NOT NULL DEFAULT CURRENT_TIMESTAMP,
  `created` timestamp NOT NULL,
  PRIMARY KEY (`primary_id`)
) ENGINE=InnoDB  DEFAULT CHARSET=latin1 AUTO_INCREMENT=452 ;

--
-- Dumping data for table `pending_requests`
--

INSERT INTO `pending_requests` (`primary_id`, `request_type`, `request_type_name`, `sent_by`, `sent_to`, `request_key`, `sent_to_email`, `square_id`, `group_id`, `list_id`, `status`, `updated`, `created`) VALUES
(399, 'friend', 'Wants to be Friends', 'aimee', 'vasquezd', 'aimeevasquezd', '', 0, 0, 0, 0, '2016-10-29 21:25:31', '0000-00-00 00:00:00'),
(400, 'new_list', 'Wants to start a new group', 'vasquezd', 'kristen', '', '', 158, 158, 0, 1, '2016-11-03 23:51:24', '0000-00-00 00:00:00'),
(401, 'new_list', 'Wants to start a new group', 'vasquezd', 'Sarah', '', '', 158, 158, 0, 1, '2016-11-03 23:51:24', '0000-00-00 00:00:00'),
(402, 'new_list', 'Wants to start a new group', 'vasquezd', 'vasquezd', '', '', 158, 158, 0, 1, '2016-11-03 23:51:24', '0000-00-00 00:00:00'),
(403, 'new_square', 'Wants to start a new group', 'vasquezd', 'kristen', '', '', 159, 159, 0, 1, '2016-11-03 23:57:51', '0000-00-00 00:00:00'),
(404, 'new_square', 'Wants to start a new group', 'vasquezd', 'brian', '', '', 159, 159, 0, 1, '2016-11-03 23:57:51', '0000-00-00 00:00:00'),
(405, 'new_square', 'Wants to start a new group', 'vasquezd', 'Sarah', '', '', 159, 159, 0, 1, '2016-11-03 23:57:51', '0000-00-00 00:00:00'),
(406, 'new_square', 'Wants to start a new group', 'vasquezd', 'chris', '', '', 159, 159, 0, 1, '2016-11-03 23:57:51', '0000-00-00 00:00:00'),
(407, 'new_square', 'Wants to start a new group', 'vasquezd', 'emailtest', '', '', 159, 159, 0, 1, '2016-11-03 23:57:51', '0000-00-00 00:00:00'),
(408, 'new_square', 'Wants to start a new group', 'vasquezd', 'aimee', '', '', 159, 159, 0, 1, '2016-11-03 23:57:51', '0000-00-00 00:00:00'),
(409, 'new_square', 'Wants to start a new group', 'vasquezd', 'vasquezd', '', '', 159, 159, 0, 1, '2016-11-03 23:57:51', '0000-00-00 00:00:00'),
(410, 'new_square', 'Wants to add you to a group', 'vasquezd', 'kristen', '', '', 0, 127, 0, 1, '2016-11-04 00:12:10', '0000-00-00 00:00:00'),
(411, 'new_square', 'Wants to add you to a group', 'vasquezd', 'brian', '', '', 0, 127, 0, 1, '2016-11-04 00:12:10', '0000-00-00 00:00:00'),
(412, 'new_square', 'Wants to add you to a group', 'vasquezd', 'Sarah', '', '', 0, 127, 0, 1, '2016-11-04 00:12:10', '0000-00-00 00:00:00'),
(413, 'new_square', 'Wants to add you to a group', 'vasquezd', 'chris', '', '', 0, 127, 0, 1, '2016-11-04 00:12:10', '0000-00-00 00:00:00'),
(414, 'new_square', 'Wants to add you to a group', 'vasquezd', 'aimee', '', '', 0, 127, 0, 1, '2016-11-04 00:12:10', '0000-00-00 00:00:00'),
(415, 'new_square', 'Wants to add you to a group', 'vasquezd', 'kristen', '', '', 0, 159, 0, 1, '2016-11-18 01:21:29', '0000-00-00 00:00:00'),
(416, 'new_square', 'Wants to add you to a group', 'vasquezd', 'Sarah', '', '', 0, 159, 0, 1, '2016-11-18 01:21:29', '0000-00-00 00:00:00'),
(417, 'new_square', 'Wants to add you to a group', 'vasquezd', 'vasquezd', '', '', 0, 159, 0, 1, '2016-11-18 01:21:29', '0000-00-00 00:00:00'),
(418, 'new_project', 'Wants to start a new group', 'vasquezd', 'kristen', '', '', 160, 160, 0, 1, '2016-11-18 01:21:29', '0000-00-00 00:00:00'),
(419, 'new_project', 'Wants to start a new group', 'vasquezd', 'Sarah', '', '', 160, 160, 0, 1, '2016-11-18 01:21:29', '0000-00-00 00:00:00'),
(420, 'new_project', 'Wants to start a new group', 'vasquezd', 'vasquezd', '', '', 160, 160, 0, 1, '2016-11-18 01:21:29', '0000-00-00 00:00:00'),
(421, 'new_project', 'Wants to start a new group', 'vasquezd', 'kristen', '', '', 161, 161, 0, 1, '2016-11-18 01:25:03', '0000-00-00 00:00:00'),
(422, 'new_project', 'Wants to start a new group', 'vasquezd', 'Sarah', '', '', 161, 161, 0, 1, '2016-11-18 01:25:03', '0000-00-00 00:00:00'),
(423, 'new_project', 'Wants to start a new group', 'vasquezd', 'vasquezd', '', '', 161, 161, 0, 1, '2016-11-18 01:25:03', '0000-00-00 00:00:00'),
(424, 'new_project', 'Wants to start a new group', 'vasquezd', 'vasquezd', '', '', 162, 162, 0, 1, '2016-11-18 21:44:32', '0000-00-00 00:00:00'),
(425, 'new_square', 'Wants to start a new group', 'vasquezd', 'vasquezd', '', '', 163, 163, 0, 1, '2016-11-18 21:52:47', '0000-00-00 00:00:00'),
(426, 'new_project', 'Wants to start a new group', 'vasquezd', 'vasquezd', '', '', 164, 164, 0, 1, '2016-11-18 21:55:53', '0000-00-00 00:00:00'),
(427, 'new_square', 'Wants to add you to a group', 'vasquezd', 'kristen', '', '', 0, 163, 0, 1, '2016-11-18 22:03:13', '0000-00-00 00:00:00'),
(428, 'new_square', 'Wants to add you to a group', 'vasquezd', 'vasquezd', '', '', 0, 163, 0, 1, '2016-11-18 22:03:13', '0000-00-00 00:00:00'),
(429, 'new_project', 'Wants to start a new group', 'vasquezd', 'kristen', '', '', 165, 165, 0, 1, '2016-11-18 22:03:13', '0000-00-00 00:00:00'),
(430, 'new_project', 'Wants to start a new group', 'vasquezd', 'vasquezd', '', '', 165, 165, 0, 1, '2016-11-18 22:03:13', '0000-00-00 00:00:00'),
(431, 'new_square', 'Wants to add you to a group', 'vasquezd', 'vasquezd', '', '', 0, 163, 0, 1, '2016-11-18 22:10:13', '0000-00-00 00:00:00'),
(432, 'new_project', 'Wants to start a new group', 'vasquezd', 'vasquezd', '', '', 166, 166, 0, 1, '2016-11-18 22:10:13', '0000-00-00 00:00:00'),
(433, 'new_square', 'Wants to add you to a group', 'vasquezd', 'vasquezd', '', '', 0, 164, 0, 1, '2016-11-18 22:47:47', '0000-00-00 00:00:00'),
(434, 'new_project', 'Wants to start a new group', 'vasquezd', 'vasquezd', '', '', 167, 167, 0, 1, '2016-11-18 22:47:47', '0000-00-00 00:00:00'),
(435, 'new_square', 'Wants to add you to a group', 'vasquezd', 'vasquezd', '', '', 0, 164, 0, 1, '2016-11-18 22:49:15', '0000-00-00 00:00:00'),
(436, 'new_project', 'Wants to start a new group', 'vasquezd', 'vasquezd', '', '', 168, 168, 0, 1, '2016-11-18 22:49:15', '0000-00-00 00:00:00'),
(437, 'new_square', 'Wants to add you to a group', 'vasquezd', 'kristen', '', '', 0, 164, 0, 1, '2016-11-18 22:49:28', '0000-00-00 00:00:00'),
(438, 'new_square', 'Wants to add you to a group', 'vasquezd', 'Sarah', '', '', 0, 164, 0, 1, '2016-11-18 22:49:28', '0000-00-00 00:00:00'),
(439, 'new_square', 'Wants to add you to a group', 'vasquezd', 'vasquezd', '', '', 0, 164, 0, 1, '2016-11-18 22:49:28', '0000-00-00 00:00:00'),
(440, 'new_project', 'Wants to start a new group', 'vasquezd', 'kristen', '', '', 169, 169, 0, 1, '2016-11-18 22:49:28', '0000-00-00 00:00:00'),
(441, 'new_project', 'Wants to start a new group', 'vasquezd', 'Sarah', '', '', 169, 169, 0, 1, '2016-11-18 22:49:28', '0000-00-00 00:00:00'),
(442, 'new_project', 'Wants to start a new group', 'vasquezd', 'vasquezd', '', '', 169, 169, 0, 1, '2016-11-18 22:49:28', '0000-00-00 00:00:00'),
(443, 'new_square', 'Wants to add you to a group', 'vasquezd', 'vasquezd', '', '', 0, 164, 0, 1, '2016-11-18 22:53:48', '0000-00-00 00:00:00'),
(444, 'new_project', 'Wants to start a new group', 'vasquezd', 'vasquezd', '', '', 170, 170, 0, 1, '2016-11-18 22:53:48', '0000-00-00 00:00:00'),
(445, 'new_square', 'Wants to add you to a group', 'vasquezd', 'vasquezd', '', '', 0, 164, 0, 1, '2016-11-19 00:05:29', '0000-00-00 00:00:00'),
(446, 'new_project', 'Wants to start a new group', 'vasquezd', 'vasquezd', '', '', 171, 171, 0, 1, '2016-11-19 00:05:29', '0000-00-00 00:00:00'),
(447, 'new_list', 'Wants to start a new group', 'vasquezd', 'vasquezd', '', '', 172, 172, 0, 1, '2016-11-19 00:37:09', '0000-00-00 00:00:00'),
(448, 'new_list', 'Wants to start a new group', 'vasquezd', 'vasquezd', '', '', 173, 173, 0, 1, '2016-11-19 00:39:47', '0000-00-00 00:00:00'),
(449, 'new_list', 'Wants to start a new group', 'vasquezd', 'vasquezd', '', '', 174, 174, 0, 1, '2016-11-19 00:42:08', '0000-00-00 00:00:00'),
(450, 'new_list', 'Wants to start a new group', 'vasquezd', 'vasquezd', '', '', 175, 175, 0, 1, '2016-11-19 00:43:41', '0000-00-00 00:00:00'),
(451, 'new_list', 'Wants to start a new group', 'vasquezd', 'vasquezd', '', '', 176, 176, 0, 1, '2016-11-19 00:51:31', '0000-00-00 00:00:00');

-- --------------------------------------------------------

--
-- Table structure for table `posts`
--

CREATE TABLE IF NOT EXISTS `posts` (
  `post_id` int(10) unsigned NOT NULL AUTO_INCREMENT,
  `post_master_type` varchar(255) NOT NULL,
  `category` varchar(255) NOT NULL,
  `parent` int(11) NOT NULL,
  `list_id` int(11) NOT NULL,
  `post_from` varchar(255) NOT NULL,
  `post_to` varchar(2083) NOT NULL,
  `post_type` varchar(255) NOT NULL,
  `post_caption` text NOT NULL,
  `post_url` varchar(255) NOT NULL,
  `video_code` varchar(255) NOT NULL,
  `image_url` varchar(255) NOT NULL,
  `file_url` varchar(255) NOT NULL,
  `file_name` varchar(255) NOT NULL,
  `article_title` varchar(255) NOT NULL,
  `article_text` text NOT NULL,
  `contains_file` int(11) NOT NULL,
  `unique_id` varchar(255) NOT NULL,
  `post_status` int(11) NOT NULL,
  `purchased` int(11) NOT NULL,
  `purchased_by` varchar(255) NOT NULL,
  `password_email` varchar(255) NOT NULL,
  `password_notes` text NOT NULL,
  `comment_seen` timestamp NOT NULL,
  `updated` timestamp NOT NULL ON UPDATE CURRENT_TIMESTAMP,
  `created` timestamp NOT NULL DEFAULT CURRENT_TIMESTAMP,
  PRIMARY KEY (`post_id`)
) ENGINE=InnoDB  DEFAULT CHARSET=latin1 AUTO_INCREMENT=606 ;

--
-- Dumping data for table `posts`
--

INSERT INTO `posts` (`post_id`, `post_master_type`, `category`, `parent`, `list_id`, `post_from`, `post_to`, `post_type`, `post_caption`, `post_url`, `video_code`, `image_url`, `file_url`, `file_name`, `article_title`, `article_text`, `contains_file`, `unique_id`, `post_status`, `purchased`, `purchased_by`, `password_email`, `password_notes`, `comment_seen`, `updated`, `created`) VALUES
(551, 'shareshare', '', 0, 0, 'vasquezd', '114', 'link', 'link', 'https://www.youtube.com/watch?v=hFj5c5MozC0', '', 'youtube.png', '', '', 'Hammock - Tape Recorder - YouTube', '', 0, '', 1, 0, '', '', '', '0000-00-00 00:00:00', '2016-09-29 21:56:34', '2016-09-29 21:56:34'),
(552, 'shareshare', 'photo', 0, 0, 'vasquezd', 'vasquezd', 'photo', '', '', '', '1475186980Jellyfish.jpg', '1475186980Jellyfish.jpg', 'Jellyfish.jpg', '', '', 0, 'vasquezdvasquezd1475186975', 1, 0, '', '', '', '0000-00-00 00:00:00', '0000-00-00 00:00:00', '2016-09-29 22:09:40'),
(553, 'shareshare', 'photo', 0, 0, 'vasquezd', 'vasquezd', 'photo', '', '', '', '1475186982Jellyfish.jpg', '1475186982Jellyfish.jpg', 'Jellyfish.jpg', '', '', 0, 'vasquezdvasquezd1475186975', 1, 0, '', '', '', '0000-00-00 00:00:00', '0000-00-00 00:00:00', '2016-09-29 22:09:42'),
(554, 'shareshare', 'photo', 0, 0, 'vasquezd', 'vasquezd', 'photo', '', '', '', '1475186992Jellyfish.jpg', '1475186992Jellyfish.jpg', 'Jellyfish.jpg', '', '', 0, 'vasquezdvasquezd1475186975', 1, 0, '', '', '', '0000-00-00 00:00:00', '0000-00-00 00:00:00', '2016-09-29 22:09:52'),
(555, 'shareshare', 'photo', 0, 0, 'vasquezd', 'vasquezd', 'photo', '', '', '', '1475186996Koala.jpg', '1475186996Koala.jpg', 'Koala.jpg', '', '', 0, 'vasquezdvasquezd1475186992', 1, 0, '', '', '', '0000-00-00 00:00:00', '0000-00-00 00:00:00', '2016-09-29 22:09:56'),
(556, 'shareshare', 'photo', 0, 0, 'vasquezd', '106', 'photo', '', '', '', '1475187013Lighthouse.jpg', '1475187013Lighthouse.jpg', 'Lighthouse.jpg', '', '', 0, 'vasquezd1061475187010', 1, 0, '', '', '', '0000-00-00 00:00:00', '0000-00-00 00:00:00', '2016-09-29 22:10:13'),
(557, 'shareshare', '', 0, 0, 'vasquezd', '106', 'file', '0', '', '', '', '1475187083Koala.jpg', 'Koala.jpg', '', '', 1, '', 1, 0, '', '', '', '0000-00-00 00:00:00', '2016-09-29 22:11:23', '2016-09-29 22:11:23'),
(558, 'shareshare', 'photo', 0, 0, 'vasquezd', 'matt', 'photo', '', '', '', '1475189112Hydrangeas.jpg', '1475189112Hydrangeas.jpg', 'Hydrangeas.jpg', '', '', 0, 'vasquezdmatt1475189108', 1, 0, '', '', '', '0000-00-00 00:00:00', '0000-00-00 00:00:00', '2016-09-29 22:45:12'),
(559, 'shareshare', 'photo', 0, 0, 'vasquezd', 'matt', 'photo', '', '', '', '1475189227Jellyfish.jpg', '1475189227Jellyfish.jpg', 'Jellyfish.jpg', '', '', 0, 'vasquezdmatt1475189220', 1, 0, '', '', '', '0000-00-00 00:00:00', '0000-00-00 00:00:00', '2016-09-29 22:47:07'),
(565, 'shareshare', 'photo', 0, 0, 'vasquezd', 'Kristen', 'photo', '', '', '', '1475190945Jellyfish.jpg', '1475190945Jellyfish.jpg', 'Jellyfish.jpg', '', '', 0, 'vasquezdKristen1475190939', 1, 0, '', '', '', '0000-00-00 00:00:00', '0000-00-00 00:00:00', '2016-09-29 23:15:45'),
(566, 'shareshare', '', 0, 0, 'vasquezd', 'brian', 'file', '0', '', '', '', '1475190962Koala.jpg', 'Koala.jpg', '', '', 1, '', 1, 0, '', '', '', '0000-00-00 00:00:00', '2016-09-29 23:16:02', '2016-09-29 23:16:02'),
(567, 'shareshare', '', 0, 0, 'vasquezd', 'brian', 'file', '0', '', '', '', '1475191015Jellyfish.jpg', 'Jellyfish.jpg', '', '', 1, '', 1, 0, '', '', '', '0000-00-00 00:00:00', '2016-09-29 23:16:55', '2016-09-29 23:16:55'),
(568, 'shareshare', 'photo', 0, 0, 'aimee', 'vasquezd', 'photo', '', '', '', '147535570514712214651467493208david__1_1.jpg', '147535570514712214651467493208david__1_1.jpg', '14712214651467493208david__1_1.jpg', '', '', 0, 'aimeevasquezd1475355691', 1, 0, '', '', '', '0000-00-00 00:00:00', '0000-00-00 00:00:00', '2016-10-01 21:01:45'),
(569, 'shareshare', 'photo', 0, 0, 'vasquezd', 'vasquezd', 'photo', '', '', '', '14753625391475276996david__1.jpg', '14753625391475276996david__1.jpg', '1475276996david__1.jpg', '', '', 0, 'vasquezdvasquezd1475362481', 1, 0, '', '', '', '0000-00-00 00:00:00', '0000-00-00 00:00:00', '2016-10-01 22:55:39'),
(570, 'shareshare', 'photo', 0, 0, 'vasquezd', 'vasquezd', 'photo', '', '', '', '1475362544default.jpg', '1475362544default.jpg', 'default.jpg', '', '', 0, 'vasquezdvasquezd1475362539', 1, 0, '', '', '', '0000-00-00 00:00:00', '0000-00-00 00:00:00', '2016-10-01 22:55:44'),
(571, 'shareshare', '', 0, 0, 'vasquezd', 'vasquezd', 'video', '', 'https://www.youtube.com/watch?v=TmmxPwrmcWU', 'TmmxPwrmcWU', '', '', '', '', '', 0, '', 1, 0, '', '', '', '0000-00-00 00:00:00', '2016-10-01 23:10:17', '2016-10-01 23:10:17'),
(582, 'wishlist', 'photo', 0, 382, 'aimee', 'aimee', 'item', 'I like this a lot!', '#', '', '1477870486background_30.jpg', '1477870486background_30.jpg', 'background_30.jpg', 'Item Title', 'Hammock - Tape Recorder - YouTube', 0, 'vasquezdvasquezd1477870438', 1, 1, 'vasquezd', '', '', '0000-00-00 00:00:00', '2016-10-31 22:08:06', '2016-10-30 23:34:46'),
(583, 'wishlist', 'photo', 0, 382, 'vasquezd', 'vasquezd', 'item', 'I like this a lot!', '#', '', '1477870486background_30.jpg', '1477870486background_30.jpg', 'background_30.jpg', 'Item Title', 'Hammock - Tape Recorder - YouTube', 0, 'vasquezdvasquezd1477870438', 1, 0, '', '', '', '2016-10-30 23:41:33', '2016-10-31 21:35:05', '2016-10-30 23:34:46'),
(584, 'wishlist', 'photo', 0, 382, 'vasquezd', 'vasquezd', 'item', 'I like this a lot!', '#', '', '1477870486background_30.jpg', '1477870486background_30.jpg', 'background_30.jpg', 'Item Title', 'Hammock - Tape Recorder - YouTube', 0, 'vasquezdvasquezd1477870438', 1, 0, '', '', '', '2016-10-31 21:45:09', '2016-10-31 21:35:02', '2016-10-30 23:34:46'),
(585, 'wishlist', 'photo', 0, 0, 'vasquezd', 'vasquezd', 'item', 'IMAGE buy me koala ', '', '', '1478212849Koala.jpg', '1478212849Koala.jpg', 'Koala.jpg', '', '', 0, 'vasquezdvasquezd1478212819', 1, 0, '', '', '', '0000-00-00 00:00:00', '0000-00-00 00:00:00', '2016-11-03 22:40:49'),
(593, 'password', '', 0, 0, 'vasquezd', 'vasquezda', 'password', 'RxP8swjF+IW78ZihX9TI4UC7oDR4p4G0UtxO5jnIdAPa6/6MrjahbIbBJQd6KSmsVQ7E1C9YyBoi5qNJLTuiUg==', 'test', '', '', '', '', 'dzxExnnB5hTMLHgpzfs0i33B9D0fqGXXeiPg+guLD4BamLShxC9QLuaE1eAhJ+QX', 'dzxExnnB5hTMLHgpzfs0i33B9D0fqGXXeiPg+guLD4BamLShxC9QLuaE1eAhJ+QX', 0, '', 0, 0, '', '1KrScYxw2wTtMu1GBJWFPpKealTTZiQJbJ5eoDOPQO2SD5TcuxHF8aKIh0vlnw5S4boHJJ0FgNOofFJGLv13v78kQ3cHzJhjBrGn89L51II=', 'wZyxIy5k6MLlAznTXR8WNI8aAgUoYpRA1BOl2E/ItBRofqWnR3SuUTJsIkS/nByD', '0000-00-00 00:00:00', '2016-11-10 23:12:34', '2016-11-07 01:04:28'),
(594, 'password', '', 0, 0, 'vasquezd', 'vasquezda', 'password', 'RxP8swjF+IW78ZihX9TI4UC7oDR4p4G0UtxO5jnIdAPa6/6MrjahbIbBJQd6KSmsVQ7E1C9YyBoi5qNJLTuiUg==', 'test', '', '', '', '', 'dzxExnnB5hTMLHgpzfs0i33B9D0fqGXXeiPg+guLD4BamLShxC9QLuaE1eAhJ+QX', 'dzxExnnB5hTMLHgpzfs0i33B9D0fqGXXeiPg+guLD4BamLShxC9QLuaE1eAhJ+QX', 0, '', 0, 0, '', '1KrScYxw2wTtMu1GBJWFPpKealTTZiQJbJ5eoDOPQO2SD5TcuxHF8aKIh0vlnw5S4boHJJ0FgNOofFJGLv13v78kQ3cHzJhjBrGn89L51II=', 'wZyxIy5k6MLlAznTXR8WNI8aAgUoYpRA1BOl2E/ItBRofqWnR3SuUTJsIkS/nByD', '0000-00-00 00:00:00', '2016-11-10 23:12:35', '2016-11-07 01:04:33'),
(595, 'password', '', 0, 0, 'vasquezd', 'vasquezda', 'password', 'Rt98QP/bwzgfZh3SlWWfpeDFRaaak8lrlcO9sE7xyUfqiIwrsoLpGzabeC0q1en0QdMK/vNcqtNp3veoL3Prww==', 'google.com', '', '', '', '', 'mnKtLbw+fyWJexCsffoIVMeYV2/jtmYyS+capL4CJAzZ7vYj1mHLy1prCAVxEnN1', 'qGUmEkqvH9BPFGlFj1yN4ql1Vg83DI5n0os9J+lJc/QIB6x4axtDXZv68KRyHyJN', 0, '', 1, 0, '', 'qGUmEkqvH9BPFGlFj1yN4n+PlOUGJkvuavGXlG0VwQL6Y6MrLO1kT9+PCTRvRNxlELAKMdDfv4HBzq9Uz+7U/w==', 'y9K9/59jzYKOtotNR+EJHR2fADQ1QoyVYr0ll5btnYCmSsthJ0O/SZP4cZLPMUTQ', '0000-00-00 00:00:00', '2016-11-10 23:12:37', '2016-11-07 01:09:20'),
(599, 'password', '', 0, 0, 'vasquezd', 'vasquezd', 'password', 'mypassword', 'Site Link: ', '', '', '', '', 'Site Name: ', 'Site Login User Name: ', 0, '', 0, 0, '', 'DlQ+6uAzqy6t7Z2J6VUxGX6VG3BUGddOaOAnA8rkqi6iTjSzEIz+exbiIWECCFWXs/Ak6vUj8R0kduxOjt8S3umBYRBt7eNMzfMQ+DxhqT5OxOniE9qwRmUDIjKpTQ6T', '3DayH+J2fPtZOwPVvSS4fN/gKc9rdhtl9zw+t5ZT3hwlnXE6sxzRjUZwGxX6iS70ItQzy4+qGu3VoZ3OU0cSrQ==', '0000-00-00 00:00:00', '2016-11-10 23:48:33', '2016-11-10 23:18:02'),
(600, 'password', '', 0, 0, 'vasquezd', 'vasquezd', 'password', 'qBltDXfxtkfkbcKuJ+XAqA+UOTSaI/3Qo71IjdVhbcx+4749QGrGOt0Hv/GhEgg69QCkKET6vtW9z0lSrt4hLA==', 'Site Link: ', '', '', '', '', 'o7jESXwf9D4L9xU60Z/Gupm0D8XNm2EnF/ujXANG4sR0qTv3cmZEXZn63Ck8DuiXKKQSZLubPGfXKlXvokhEtw==', 'obCR72Al9L4UiW61wLV1EI4Nm2Xrxcq+DEfdurRhTy4q7rbaI6CN1Z+7IcB1tBp2ddhSr3qZfQ2gs5Fc42QBIFl2vOi11n28YrbIilxgail2B6S7GiT6MEzxEYYk8eWn', 0, '', 1, 0, '', 'DlQ+6uAzqy6t7Z2J6VUxGX6VG3BUGddOaOAnA8rkqi6iTjSzEIz+exbiIWECCFWXs/Ak6vUj8R0kduxOjt8S3umBYRBt7eNMzfMQ+DxhqT5OxOniE9qwRmUDIjKpTQ6T', '4SmgaIuqqYGRvqsMA1sTTgEA2kwTBUq13k1oE5eicCPqDnWFdAUd8VgQVXevQ0h2YvTlq1x7WxZM3wd0NSSeXg==', '0000-00-00 00:00:00', '2016-11-10 23:27:40', '2016-11-10 23:27:40'),
(601, 'password', '', 0, 0, 'vasquezd', 'vasquezd', 'password', 'Password: ', 'Site Link: ', '', '', '', '', 'Site Name: ', 'Site Login User Name: ', 0, '', 0, 0, '', 'Email Address for Site ', 'Notes:', '0000-00-00 00:00:00', '2016-11-10 23:48:35', '2016-11-10 23:37:05'),
(602, 'password', '', 0, 0, 'vasquezd', 'vasquezd', 'password', 'test', 'test', '', '', '', '', 'google', 'test', 0, '', 0, 0, '', 'test', 'notes', '0000-00-00 00:00:00', '2016-11-10 23:48:31', '2016-11-10 23:48:21'),
(603, 'password', '', 0, 0, 'vasquezd', 'vasquezd', 'password', 'e', 'b', '', '', '', '', 'a', 'c', 0, '', 0, 0, '', 'd', 'f', '0000-00-00 00:00:00', '2016-11-11 00:09:03', '2016-11-10 23:49:06'),
(604, 'password', '', 0, 0, 'vasquezd', 'vasquezd', 'password', '0R9N2jOAs4LPxX18B93BmZvmJMYQ64a9i8gAmYF+lDQP9AnLDJwCeM4QUt/S1mgQ0faw7JQ9T2Exmdob6muZXw==', 'Link', '', '', '', '', '2EGb6jK6hO1p4UcAwASn5NnsHIUjO3ENskvaAfOrd9d6Vz96fWVCIB393tvPuOOA/SWH0mfDYxs++rZu0UGijA==', 'LiJOk9TDrYuDuIJZuRaITdkoo7vDJlZ2MqpE8Ql623Dm8lg96iRgbBfiu6MF/EwNk3IEqm0q1IcG1SSjlziD9w==', 0, '', 1, 0, '', 'lG8jUkEJD3UyQPUR5NL+0sN6E3/d2QiwVln8JKAFjHyx7TPNu/XzqNHS/5/E8+9mjhrYEvQdhJG6w5GnXuOG1g==', '3DayH+J2fPtZOwPVvSS4fN/gKc9rdhtl9zw+t5ZT3hwlnXE6sxzRjUZwGxX6iS70ItQzy4+qGu3VoZ3OU0cSrQ==', '0000-00-00 00:00:00', '2016-11-11 01:09:02', '2016-11-11 00:09:24'),
(605, 'password', '', 0, 0, 'vasquezd', 'vasquezd', 'password', 'qWTeM+6ppnCws+fEWkohzuttuB60NsLg8WN2VKTBhdPyWGwnSuEBH8DGxEjTlCregWLVqxgvJBaFMUdraTsIrw==', 'a', '', '', '', '', 'qWTeM+6ppnCws+fEWkohzuttuB60NsLg8WN2VKTBhdPyWGwnSuEBH8DGxEjTlCregWLVqxgvJBaFMUdraTsIrw==', 'qWTeM+6ppnCws+fEWkohzuttuB60NsLg8WN2VKTBhdPyWGwnSuEBH8DGxEjTlCregWLVqxgvJBaFMUdraTsIrw==', 0, '', 1, 0, '', 'qWTeM+6ppnCws+fEWkohzuttuB60NsLg8WN2VKTBhdPyWGwnSuEBH8DGxEjTlCregWLVqxgvJBaFMUdraTsIrw==', 'qWTeM+6ppnCws+fEWkohzuttuB60NsLg8WN2VKTBhdPyWGwnSuEBH8DGxEjTlCregWLVqxgvJBaFMUdraTsIrw==', '0000-00-00 00:00:00', '2016-11-11 00:15:55', '2016-11-11 00:15:55');

-- --------------------------------------------------------

--
-- Table structure for table `posts_fights`
--

CREATE TABLE IF NOT EXISTS `posts_fights` (
  `fight_id` int(10) unsigned NOT NULL AUTO_INCREMENT,
  `fight_primary_fighter` varchar(255) NOT NULL,
  `fight_primary_fighter_id` int(11) NOT NULL,
  `fight_primary_fighter_name` varchar(255) NOT NULL,
  `fight_primary_wins` int(11) NOT NULL,
  `fight_primary_losses` int(11) NOT NULL,
  `fight_primary_draws` int(11) NOT NULL,
  `fight_info` text NOT NULL,
  `fight_number` int(11) NOT NULL,
  `fight_opponent` varchar(255) NOT NULL,
  `fight_opponent_wins` int(11) NOT NULL,
  `fight_opponent_losses` int(11) NOT NULL,
  `fight_opponent_draws` int(11) NOT NULL,
  `fight_outcome` varchar(255) NOT NULL,
  `fight_outcome_type` varchar(255) NOT NULL,
  `fight_final_round` int(11) NOT NULL,
  `fight_date_year` int(11) NOT NULL,
  `fight_date_month` int(11) NOT NULL,
  `fight_date_day` int(11) NOT NULL,
  `video_code` varchar(255) NOT NULL,
  `video_url` varchar(255) NOT NULL,
  `video_embed_code` varchar(255) NOT NULL,
  `fight_image` varchar(255) NOT NULL,
  PRIMARY KEY (`fight_id`)
) ENGINE=InnoDB  DEFAULT CHARSET=latin1 AUTO_INCREMENT=218 ;

--
-- Dumping data for table `posts_fights`
--

INSERT INTO `posts_fights` (`fight_id`, `fight_primary_fighter`, `fight_primary_fighter_id`, `fight_primary_fighter_name`, `fight_primary_wins`, `fight_primary_losses`, `fight_primary_draws`, `fight_info`, `fight_number`, `fight_opponent`, `fight_opponent_wins`, `fight_opponent_losses`, `fight_opponent_draws`, `fight_outcome`, `fight_outcome_type`, `fight_final_round`, `fight_date_year`, `fight_date_month`, `fight_date_day`, `video_code`, `video_url`, `video_embed_code`, `fight_image`) VALUES
(201, 'foreman', 2, 'George Foreman ', 0, 0, 0, '', 1, 'Don Waldheim', 5, 4, 2, 'win', 'TKO', 3, 1969, 6, 23, '7R3tKaZ_HBk', 'https://www.youtube.com/watch?v=7R3tKaZ_HBk', '<iframe width="420" height="315" src="https://www.youtube.com/embed/7R3tKaZ_HBk" frameborder="0" allowfullscreen></iframe>', ''),
(202, 'foreman', 2, 'George Foreman ', 2, 0, 0, '', 1, 'Fred Askew', 2, 6, 1, 'win', 'KO', 1, 1969, 7, 1, '', '', '', ''),
(204, 'foreman', 2, 'George Foreman ', 27, 0, 0, '', 28, 'Gregorio Peralta', 82, 6, 8, 'win', 'decision', 10, 1970, 5, 10, 'UwZaZ1sSBSM', 'https://www.youtube.com/watch?v=UwZaZ1sSBSM', '<iframe width="420" height="315" src="https://www.youtube.com/embed/UwZaZ1sSBSM" frameborder="0" allowfullscreen></iframe>', ''),
(205, 'foreman', 2, 'George Foreman ', 23, 0, 0, '', 24, 'Boone Kirkman', 22, 1, 0, 'win', 'TKO', 2, 1970, 11, 18, 'zk3Y-JlMa0c', 'https://www.youtube.com/watch?v=zk3Y-JlMa0c', '<iframe width="420" height="315" src="https://www.youtube.com/embed/zk3Y-JlMa0c" frameborder="0" allowfullscreen></iframe>', ''),
(213, 'tyson', 1, 'Mike Tyson', 0, 0, 0, '', 1, 'Hector Mercedes', 0, 3, 0, 'win', 'TKO', 1, 1985, 0, 6, 'UaxA6IVh9dE', 'https://www.youtube.com/watch?v=UaxA6IVh9dE', '<iframe width="420" height="315" src="https://www.youtube.com/embed/UaxA6IVh9dE" frameborder="0" allowfullscreen></iframe>', 'tyson_mercedes.jpg'),
(216, 'tyson', 1, 'Mike Tyson', 1, 0, 0, '', 2, 'Trent Singleton', 1, 3, 0, 'win', 'TKO', 1, 1985, 4, 10, '7GnZyqapq24', 'https://www.youtube.com/watch?v=7GnZyqapq24', '<iframe width="560" height="315" src="https://www.youtube.com/embed/7GnZyqapq24" frameborder="0" allowfullscreen></iframe>', 'Tyson_singleton.jpg'),
(217, 'tyson', 1, 'Mike Tyson', 2, 0, 0, '3', 3, 'Don Halpin', 10, 18, 0, 'win', 'KO', 4, 1985, 5, 23, 'eZhOy4wPXyw', 'https://www.youtube.com/watch?v=eZhOy4wPXyw', '<iframe width="560" height="315" src="https://www.youtube.com/embed/eZhOy4wPXyw" frameborder="0" allowfullscreen></iframe>', '');

-- --------------------------------------------------------

--
-- Table structure for table `post_bias`
--

CREATE TABLE IF NOT EXISTS `post_bias` (
  `post_bias_id` int(11) NOT NULL AUTO_INCREMENT,
  `post_id` int(11) NOT NULL,
  `right_vote` int(11) NOT NULL,
  `right_vote_user` varchar(255) NOT NULL,
  `left_vote` int(11) NOT NULL,
  `left_vote_user` varchar(255) NOT NULL,
  `created` timestamp NOT NULL DEFAULT CURRENT_TIMESTAMP ON UPDATE CURRENT_TIMESTAMP,
  PRIMARY KEY (`post_bias_id`)
) ENGINE=InnoDB  DEFAULT CHARSET=latin1 AUTO_INCREMENT=168 ;

--
-- Dumping data for table `post_bias`
--

INSERT INTO `post_bias` (`post_bias_id`, `post_id`, `right_vote`, `right_vote_user`, `left_vote`, `left_vote_user`, `created`) VALUES
(153, 70, 0, '', 1, 'vasquezd', '2016-05-29 22:29:43'),
(157, 69, 0, '', 1, 'vasquezd', '2016-05-29 22:33:03'),
(159, 81, 1, 'vasquezd', 0, '', '2016-06-06 21:55:26'),
(161, 98, 0, '', 1, 'vasquezd', '2016-06-17 20:58:59'),
(162, 97, 1, 'vasquezd', 0, '', '2016-06-17 20:59:01'),
(163, 65, 0, '', 1, 'vasquezd', '2016-06-17 20:59:03'),
(164, 204, 0, '', 1, 'vasquezd', '2016-07-31 22:28:50'),
(165, 204, 0, '', 1, 'vasquezd', '2016-07-31 22:28:53'),
(166, 204, 0, '', 1, 'vasquezd', '2016-09-09 21:35:29'),
(167, 204, 1, 'vasquezd', 0, '', '2016-09-09 21:35:32');

-- --------------------------------------------------------

--
-- Table structure for table `post_likes`
--

CREATE TABLE IF NOT EXISTS `post_likes` (
  `post_like_id` int(11) NOT NULL AUTO_INCREMENT,
  `post_id` int(11) NOT NULL,
  `liked_by` int(11) NOT NULL,
  `liked_by_name` varchar(255) NOT NULL,
  `time_stamp` timestamp NOT NULL DEFAULT CURRENT_TIMESTAMP ON UPDATE CURRENT_TIMESTAMP,
  PRIMARY KEY (`post_like_id`)
) ENGINE=InnoDB  DEFAULT CHARSET=latin1 AUTO_INCREMENT=120 ;

--
-- Dumping data for table `post_likes`
--

INSERT INTO `post_likes` (`post_like_id`, `post_id`, `liked_by`, `liked_by_name`, `time_stamp`) VALUES
(63, 35, 1, 'vasquezd', '2016-05-10 21:28:14'),
(68, 34, 1, 'vasquezd', '2016-05-21 23:39:21'),
(69, 33, 1, 'vasquezd', '2016-05-22 00:07:56'),
(74, 53, 1, 'matt', '2016-05-25 23:16:05'),
(87, 49, 1, 'vasquezd', '2016-05-25 23:37:17'),
(88, 64, 1, 'vasquezd', '2016-05-27 00:02:40'),
(89, 53, 1, 'vasquezd', '2016-05-30 21:18:35'),
(90, 73, 1, 'vasquezd', '2016-06-05 00:10:48'),
(94, 109, 1, 'vasquezd', '2016-06-15 21:34:30'),
(95, 71, 1, 'vasquezd', '2016-06-15 21:35:45'),
(96, 105, 1, 'vasquezd', '2016-06-18 21:00:03'),
(105, 171, 1, 'vasquezd', '2016-07-03 21:36:25'),
(108, 168, 1, 'vasquezd', '2016-07-03 22:13:30'),
(109, 157, 1, 'vasquezd', '2016-07-03 22:33:48'),
(110, 144, 1, 'vasquezd', '2016-07-03 22:54:40'),
(112, 180, 1, 'vasquezd', '2016-07-03 23:01:05'),
(114, 183, 1, 'vasquezd', '2016-07-03 23:22:46'),
(115, 177, 1, 'vasquezd', '2016-07-08 00:07:42'),
(118, 39, 1, 'vasquezd', '2016-07-08 22:01:00'),
(119, 178, 1, 'vasquezd', '2016-07-08 22:08:15');

-- --------------------------------------------------------

--
-- Table structure for table `post_tags`
--

CREATE TABLE IF NOT EXISTS `post_tags` (
  `post_tag_id` int(11) NOT NULL AUTO_INCREMENT,
  `post_id` int(11) NOT NULL,
  `tag_from` varchar(255) NOT NULL,
  `tag_from_id` int(11) NOT NULL,
  `post_hashtag` varchar(255) NOT NULL,
  `post_deadline` timestamp NOT NULL,
  `post_progress` int(11) NOT NULL,
  `post_priority` int(11) NOT NULL,
  `updated` timestamp NOT NULL,
  `created` timestamp NOT NULL DEFAULT CURRENT_TIMESTAMP,
  PRIMARY KEY (`post_tag_id`)
) ENGINE=InnoDB DEFAULT CHARSET=latin1 AUTO_INCREMENT=1 ;

-- --------------------------------------------------------

--
-- Table structure for table `post_votes`
--

CREATE TABLE IF NOT EXISTS `post_votes` (
  `post_vote_id` int(11) NOT NULL AUTO_INCREMENT,
  `post_id` int(11) NOT NULL,
  `up_vote` int(11) NOT NULL,
  `up_vote_user` varchar(255) NOT NULL,
  `down_vote` int(11) NOT NULL,
  `down_vote_user` varchar(255) NOT NULL,
  `created` timestamp NOT NULL DEFAULT CURRENT_TIMESTAMP ON UPDATE CURRENT_TIMESTAMP,
  PRIMARY KEY (`post_vote_id`)
) ENGINE=InnoDB  DEFAULT CHARSET=latin1 AUTO_INCREMENT=177 ;

--
-- Dumping data for table `post_votes`
--

INSERT INTO `post_votes` (`post_vote_id`, `post_id`, `up_vote`, `up_vote_user`, `down_vote`, `down_vote_user`, `created`) VALUES
(70, 53, 1, 'matt', 0, '', '2016-05-25 00:17:59'),
(71, 37, 0, '', 1, 'matt', '2016-05-10 21:17:25'),
(72, 49, 1, 'matt', 0, '', '2016-05-25 00:18:40'),
(73, 34, 1, 'matt', 0, '', '2016-05-10 21:17:28'),
(74, 35, 1, 'matt', 0, '', '2016-05-10 21:17:30'),
(75, 33, 1, 'matt', 0, '', '2016-05-10 21:17:33'),
(76, 37, 0, '', 1, 'vasquezd', '2016-05-10 21:18:11'),
(82, 49, 1, 'vasquez', 0, '', '2016-05-26 00:10:16'),
(87, 35, 1, 'vasquezd', 0, '', '2016-05-10 21:26:56'),
(88, 33, 1, 'vasquezd', 0, '', '2016-05-12 23:50:23'),
(96, 49, 1, 'brian', 0, '', '2016-05-26 21:04:50'),
(129, 53, 1, 'vasquezd', 0, '', '2016-05-26 22:07:55'),
(134, 49, 1, 'vasquezd', 0, '', '2016-05-29 20:51:02'),
(136, 62, 1, 'vasquezd', 0, '', '2016-05-29 20:51:15'),
(151, 70, 1, 'vasquezd', 0, '', '2016-05-29 22:31:26'),
(153, 69, 0, '', 1, 'vasquezd', '2016-06-06 20:56:53'),
(155, 68, 1, 'vasquezd', 0, '', '2016-06-06 21:33:57'),
(158, 81, 0, '', 1, 'vasquezd', '2016-06-06 21:55:34'),
(160, 66, 1, 'vasquezd', 0, '', '2016-06-06 23:29:27'),
(161, 67, 1, 'vasquezd', 0, '', '2016-06-06 23:29:33'),
(162, 98, 0, '', 1, 'vasquezd', '2016-06-09 19:44:42'),
(163, 97, 1, 'vasquezd', 0, '', '2016-06-09 19:44:43'),
(167, 174, 0, '', 1, 'vasquezd', '2016-07-03 22:08:37'),
(173, 175, 1, 'vasquezd', 0, '', '2016-07-03 22:33:43'),
(176, 204, 1, 'vasquezd', 0, '', '2016-09-09 21:35:33');

-- --------------------------------------------------------

--
-- Table structure for table `user_analytics`
--

CREATE TABLE IF NOT EXISTS `user_analytics` (
  `analytics_id` int(11) NOT NULL AUTO_INCREMENT,
  `page_url` varchar(255) NOT NULL,
  `group_id` int(11) NOT NULL,
  `last_visit` timestamp NOT NULL DEFAULT CURRENT_TIMESTAMP ON UPDATE CURRENT_TIMESTAMP,
  `total_visits` int(11) NOT NULL,
  `user_name` varchar(255) NOT NULL,
  `user_id` int(11) NOT NULL,
  PRIMARY KEY (`analytics_id`)
) ENGINE=InnoDB  DEFAULT CHARSET=latin1 AUTO_INCREMENT=208 ;

--
-- Dumping data for table `user_analytics`
--

INSERT INTO `user_analytics` (`analytics_id`, `page_url`, `group_id`, `last_visit`, `total_visits`, `user_name`, `user_id`) VALUES
(186, 'group_discussion.php', 106, '2016-09-23 22:45:47', 372, 'vasquezd', 0),
(187, 'group_wall.php', 106, '2016-09-29 22:11:26', 478, 'vasquezd', 0),
(188, 'group_wall.php', 106, '2016-09-23 22:48:57', 59, 'matt', 0),
(189, 'group_discussion.php', 106, '2016-06-28 21:24:23', 9, 'matt', 0),
(190, 'group_files.php', 106, '2016-06-27 23:06:18', 1, 'matt', 0),
(191, 'group_links.php', 106, '2016-06-28 21:25:36', 30, 'matt', 0),
(192, 'group_links.php', 106, '2016-07-03 23:00:37', 5, 'vasquezd', 0),
(193, 'group_files.php', 106, '2016-09-23 22:45:50', 28, 'vasquezd', 0),
(194, 'group_wall.php', 114, '2016-10-01 22:15:12', 61, 'vasquezd', 0),
(195, 'group_wall.php', 115, '2016-10-01 23:30:28', 84, 'vasquezd', 0),
(196, 'group_discussion.php', 115, '2016-06-30 22:33:11', 0, 'vasquezd', 0),
(197, 'group_discussion.php', 114, '2016-07-09 21:51:13', 1, 'vasquezd', 0),
(198, 'group_discussion.php', 0, '2016-07-08 22:49:18', 0, 'vasquezd', 0),
(199, 'group_files.php', 114, '2016-08-26 23:12:02', 10, 'vasquezd', 0),
(200, 'group_wall.php', 0, '2016-10-24 22:54:23', 21, 'vasquezd', 0),
(201, 'group_wall.php', 117, '2016-10-01 23:31:43', 5, 'vasquezd', 0),
(202, 'group_wall.php', 118, '2016-10-01 23:32:00', 3, 'vasquezd', 0),
(203, 'group_wall.php', 119, '2016-10-01 23:32:24', 1, 'vasquezd', 0),
(204, 'group_wall.php', 120, '2016-10-01 23:33:09', 5, 'vasquezd', 0),
(205, 'group_wall.php', 121, '2016-10-01 23:33:18', 1, 'vasquezd', 0),
(206, 'group_wall.php', 122, '2016-10-24 22:36:24', 1, 'vasquezd', 0),
(207, 'group_wall.php', 126, '2016-10-26 20:25:22', 1, 'vasquezd', 0);

-- --------------------------------------------------------

--
-- Table structure for table `user_login`
--

CREATE TABLE IF NOT EXISTS `user_login` (
  `user_id` int(11) NOT NULL AUTO_INCREMENT,
  `user_name` varchar(15) NOT NULL,
  `salt` int(11) NOT NULL,
  `password` varchar(40) NOT NULL,
  `last_login` timestamp NOT NULL,
  `last_logout` timestamp NOT NULL,
  `login_total` int(11) NOT NULL,
  `test` varchar(255) NOT NULL,
  UNIQUE KEY `user_id_2` (`user_id`),
  UNIQUE KEY `user_name` (`user_name`),
  UNIQUE KEY `user_name_2` (`user_name`),
  KEY `user_id` (`user_id`)
) ENGINE=InnoDB  DEFAULT CHARSET=latin1 AUTO_INCREMENT=61 ;

--
-- Dumping data for table `user_login`
--

INSERT INTO `user_login` (`user_id`, `user_name`, `salt`, `password`, `last_login`, `last_logout`, `login_total`, `test`) VALUES
(1, 'vasquezd', 1408593605, 'f62c9d59b1b2cbe2b6462784e1d6a550f1afbe85', '2016-11-18 21:22:30', '2016-11-10 22:05:53', 360, 'vasquezb'),
(2, 'matt', 1448946249, 'de85ef10d2853b10978ac6c8e0c37c354d3b6969', '2016-09-28 23:33:27', '2016-09-28 23:33:37', 35, 'vasquezb'),
(3, 'brian', 1448946380, 'ace622215c315ce82bfd153b63c7faeb218a17da', '2016-11-03 21:07:11', '2016-11-03 21:07:16', 7, 'vasquezb'),
(4, 'Kristen', 1448946380, 'e3ae7af8145e258b854728fc9cebe6c8891ee2a5', '2016-09-04 22:04:40', '2016-09-04 22:05:52', 7, 'vasquezb'),
(5, 'Aimee', 1448946380, '33f916c66f61bbf37a12105c8bb3e0fc8ea75fd6', '2016-11-05 21:10:34', '2016-11-05 21:11:01', 15, ''),
(6, 'Becca', 1448946503, 'ba342a034cc175fb24a1c3d59d190da0c31f0106', '2016-09-26 21:55:51', '2016-09-26 22:08:49', 14, ''),
(7, 'Sarah', 1448946503, '378d32da508020f682a238053fec6f307e0aa30a', '2016-08-27 22:07:51', '2016-08-27 22:08:01', 1, ''),
(8, 'chris', 1448946380, '80c96f63d24bc38382aca981ed2e262c22582605', '2016-10-01 20:31:31', '2016-10-01 20:31:45', 1, ''),
(9, 'pop', 1448946503, '851b0d429828f520537e2323a1c5f1cde21eee5d', '2015-12-01 05:31:10', '2015-12-01 05:31:10', 0, ''),
(39, 'vasquezk', 1466107880, '6d7cb2a50e2fbaaa22735cc31d0a0df53e9afb30', '0000-00-00 00:00:00', '0000-00-00 00:00:00', 0, ''),
(60, 'david', 1474402462, '9c41e856498d3af80b81cc7189811dc392c74fe5', '0000-00-00 00:00:00', '0000-00-00 00:00:00', 0, '');

-- --------------------------------------------------------

--
-- Table structure for table `user_profile`
--

CREATE TABLE IF NOT EXISTS `user_profile` (
  `user_profile_id` int(11) NOT NULL AUTO_INCREMENT,
  `user_id` int(11) NOT NULL,
  `user_name` varchar(50) NOT NULL,
  `email` varchar(255) NOT NULL,
  `image_name` varchar(50) NOT NULL,
  `first_name` varchar(50) NOT NULL,
  `last_name` varchar(50) NOT NULL,
  `root_folder` varchar(255) NOT NULL,
  `biography` text NOT NULL,
  `university` varchar(50) NOT NULL,
  `updated` timestamp NOT NULL,
  `created` timestamp NOT NULL DEFAULT CURRENT_TIMESTAMP,
  PRIMARY KEY (`user_profile_id`),
  UNIQUE KEY `user_name` (`user_name`)
) ENGINE=InnoDB  DEFAULT CHARSET=latin1 AUTO_INCREMENT=73 ;

--
-- Dumping data for table `user_profile`
--

INSERT INTO `user_profile` (`user_profile_id`, `user_id`, `user_name`, `email`, `image_name`, `first_name`, `last_name`, `root_folder`, `biography`, `university`, `updated`, `created`) VALUES
(46, 1, 'vasquezd', 'Vasquezd@onid.orst.edu', '1475276996david__1.jpg', 'David', 'Vasquez', 'Vasquezd', '', 'Oregon State ', '2016-04-03 21:33:50', '2014-08-21 18:00:05'),
(47, 2, 'matt', 'vasquezm@shareshare.com', 'matt.jpg', 'Matt', 'Vasquez', '', 'This is matts page!', '', '2015-12-01 04:55:10', '0000-00-00 00:00:00'),
(48, 3, 'brian', 'vasquezb@shareshare.com', 'brian.jpg', 'Brian', 'Vasquez', '', 'this is brian''s page! ', '', '2016-04-09 21:02:59', '0000-00-00 00:00:00'),
(49, 4, 'Kristen', 'vasquezj@shareshare.com', 'david.jpg', 'Kristen', 'Vasquez', '', 'this is my page!', '', '2015-12-03 03:25:43', '0000-00-00 00:00:00'),
(50, 5, 'Aimee', 'Aimeeaileen@mac.com', '1449476920image.jpeg', 'Aimee', 'Vasquez', 'Vasquez', 'They are (or were) a little people, about half our height, and smaller than the bearded dwarves. \n	Hobbits have no beards. There is little or no magic about them except the ordinary everyday sort which helps \n	them to disappear quietly and quickly when large stupid folk like you and me come blundering along, \n	making a noise like elephants which they can hear a mile off <- Not your bio change it here', '', '2015-12-07 08:28:40', '0000-00-00 00:00:00'),
(51, 6, 'Becca', 'Vasquezd@onid.orst.edu', 'Becca.jpg', 'Becca', 'Vasquez', 'vasquezma', 'They are (or were) a little people, about half our height, and smaller than the bearded dwarves. \r\n	Hobbits have no beards. There is little or no magic about them except the ordinary everyday sort which helps \r\n	them to disappear quietly and quickly when large stupid folk like you and me come blundering along, \r\n	making a noise like elephants which they can hear a mile off <- Not your bio change it here', '', '2016-04-09 21:03:19', '0000-00-00 00:00:00'),
(52, 7, 'Sarah', 'Vasquezd@onid.orst.edu', 'david.jpg', 'Sarah', 'Vasquez', 'Vasquezbb', 'They are (or were) a little people, about half our height, and smaller than the bearded dwarves. \r\n	Hobbits have no beards. There is little or no magic about them except the ordinary everyday sort which helps \r\n	them to disappear quietly and quickly when large stupid folk like you and me come blundering along, \r\n	making a noise like elephants which they can hear a mile off <- Not your bio change it here', '', '2015-12-01 04:57:23', '0000-00-00 00:00:00'),
(53, 8, 'chris', 'californiachristophe@gmail.com', '1450307134Screen.jpg', 'Chris', 'Vasquez', 'Vasquezdk', 'They are (or were) a little people, about half our height, and smaller than the bearded dwarves. \n	Hobbits have no beards. There is little or no magic about them except the ordinary everyday sort which helps \n	them to disappear quietly and quickly when large stupid folk like you and me come blundering along, \n	making a noise like elephants which they can hear a mile off <- Not your bio change it here', '', '2015-12-16 23:05:34', '0000-00-00 00:00:00'),
(54, 9, 'pop', 'Vasquezd@onid.orst.edu', 'david.jpg', 'Pop', 'Vasquez', 'vasquezbas', 'They are (or were) a little people, about half our height, and smaller than the bearded dwarves. \r\n	Hobbits have no beards. There is little or no magic about them except the ordinary everyday sort which helps \r\n	them to disappear quietly and quickly when large stupid folk like you and me come blundering along, \r\n	making a noise like elephants which they can hear a mile off <- Not your bio change it here', '', '2015-12-01 04:57:59', '0000-00-00 00:00:00'),
(55, 39, 'vasquezk', 'kristen@onid.orst.edu', 'david.jpg', 'kristen', 'vasquez', 'vasquezk', 'They are (or were) a little people, about half our height, and smaller than the bearded dwarves. \r\n		Hobbits have no beards. There is little or no magic about them except the ordinary everyday sort which helps \r\n		them to disappear quietly and quickly when large stupid folk like you and me come blundering along, \r\n		making a noise like elephants which they can hear a mile off <- Not your bio change it here', '', '0000-00-00 00:00:00', '2016-06-16 20:11:20'),
(72, 60, 'david', 'testing1@htoamil.com', 'david.jpg', 'testing1', 'testing1', 'david', 'They are (or were) a little people, about half our height, and smaller than the bearded dwarves. \r\n		Hobbits have no beards. There is little or no magic about them except the ordinary everyday sort which helps \r\n		them to disappear quietly and quickly when large stupid folk like you and me come blundering along, \r\n		making a noise like elephants which they can hear a mile off <- Not your bio change it here', '', '0000-00-00 00:00:00', '2016-09-20 20:14:22');

-- --------------------------------------------------------

--
-- Table structure for table `user_size`
--

CREATE TABLE IF NOT EXISTS `user_size` (
  `primary_key` int(11) NOT NULL AUTO_INCREMENT,
  `user_name` varchar(255) NOT NULL,
  `user_id` int(11) NOT NULL,
  `gender` varchar(255) NOT NULL,
  `birthday` varchar(255) NOT NULL,
  `street_address_line_one` varchar(255) NOT NULL,
  `street_address_line_two` varchar(255) NOT NULL,
  `address_city` varchar(255) NOT NULL,
  `address_state` varchar(255) NOT NULL,
  `address_zip_code` varchar(255) NOT NULL,
  `address_country` varchar(255) NOT NULL,
  `user_shirt` varchar(255) NOT NULL,
  `user_sweater` varchar(255) NOT NULL,
  `user_coat` varchar(255) NOT NULL,
  `user_jeans` varchar(255) NOT NULL,
  `user_pants` varchar(255) NOT NULL,
  `user_dress_size` varchar(255) NOT NULL,
  `user_shoes` varchar(255) NOT NULL,
  `user_info` text NOT NULL,
  PRIMARY KEY (`primary_key`)
) ENGINE=InnoDB  DEFAULT CHARSET=latin1 AUTO_INCREMENT=27 ;

--
-- Dumping data for table `user_size`
--

INSERT INTO `user_size` (`primary_key`, `user_name`, `user_id`, `gender`, `birthday`, `street_address_line_one`, `street_address_line_two`, `address_city`, `address_state`, `address_zip_code`, `address_country`, `user_shirt`, `user_sweater`, `user_coat`, `user_jeans`, `user_pants`, `user_dress_size`, `user_shoes`, `user_info`) VALUES
(1, 'vasquezd', 1, 'Male', 'December 3', '155 NW Kings', '', 'Corvallis', 'Oregon', '', '', 'medium', 'medium', 'medium', '34 x 30', '', '', '12', ''),
(2, 'vasquezb', 3, '', 'May 28', '', '', '', '', '', '', 'large', 'large', 'medium or large', '34 x 30 or 33 x 30', '', '', '12', ''),
(3, 'chris', 8, '', 'March', '', '', '', '', '', '', 'XL', 'XL', '', '38 by 34', '', '', '11', ''),
(4, 'pop', 9, '', '', '', '', '', '', '', '', '', '', '', '', '', '', '', ''),
(5, 'Sarah', 7, '', '', 'sarah', '', '', '', '', '', '', '', '', '', '', '', '', ''),
(6, 'Becca', 6, '', '', 'becca', '', '', '', '', '', '', '', '', '', '', '', '', ''),
(7, 'Aimee', 5, '', '11/22/83', '', '', '', '', '', '', 'Girl large or extra large/ guy small', 'Girl large/ guy small or medium ', '', '', '', '', '', ''),
(8, 'Kristen', 4, '', '', '', '', '', '', '', '', '', '', '', '', '', '', '', ''),
(9, 'Brian', 3, '', '', 'brian', '', '', '', '', '', '', '', '', '', '', '', '', ''),
(10, 'matt', 2, '', '', '', '', '', '', '', '', '', '', '', '', '', '', '', ''),
(26, 'david', 60, '', '', '', '', '', '', '', '', '', '', '', '', '', '', '', '');

/*!40101 SET CHARACTER_SET_CLIENT=@OLD_CHARACTER_SET_CLIENT */;
/*!40101 SET CHARACTER_SET_RESULTS=@OLD_CHARACTER_SET_RESULTS */;
/*!40101 SET COLLATION_CONNECTION=@OLD_COLLATION_CONNECTION */;
